USER,Q01,Q19,Q191_AL,Q192_AL,Q20A,Q20M,Q20N,Q211,Q212,Q213,Q214,Q215,Q216,Q217,Q218,Q219,Q2110,Q2111,Q2112,Q2113,Q2114,Q2114_AL,Q221,Q222,Q223,Q224,Q225,Q226,Q227,Q228,Q229,Q2210,Q2211,Q2212,Q2213,Q2214,Q2215,Q2216,Q2215_AL,Q22_1,Q23,Q231_AL,Q239_AL,ANNO,RESIDENZAN,RESIDENZAR,RESIDENZAC,SESSO,CONDPROF,CONDPROF6_AL,ISTRUZIONE,TIPOFAM,PROFESSIONE,PROFESSIONE8_AL,NPERC,REDDITO,PESO,codNAZIONE,codREGIONE,codCITTA,CLETA
P200989,0,2,,ISRAELE,2018,10,6,,,,,,1,,,,1,,1,,,,500,100,350,0,0,0,50,0,0,0,0,0,0,0,0,1000,,2,9,,Residente in Puglia,1984,ITALIA,PUGLIA,ORIA,M,1,Libero professionista,4,1,,,1,5,0.203071432,1,16,105,3
P201520,0,2,,GRECIA,2017,7,5,,,,1,,1,1,,,,,,,,,100,100,600,100,50,50,30,40,200,0,0,0,0,0,0,1270,,4,2,,,1998,ITALIA,CAMPANIA,TRECASE,M,5,,3,1,,,1,5,0.227128198,1,15,150,1
P201521,0,1,VENETO,,2019,1,5,,,,1,1,,,,,1,,,,,,50,0,1200,0,0,0,0,0,0,0,0,0,0,0,0,1250,,3,9,,Preferisco la Sardegna,1965,ITALIA,EMILIA ROMAGNA,IMOLA,M,1,,3,3,1,,2,7,0.203071432,1,8,68,3
P201524,0,1,TOSCANA,,2016,12,2,,,1,,,,,,1,,,,,1,,0,0,150,100,0,0,0,0,0,0,0,0,0,0,50,300,,5,0,,non lo so,1975,ITALIA,EMILIA ROMAGNA,CESENATICO,M,1,,2,4,1,,2,5,1.026642919,1,8,46,3
P201525,0,1,TOSCANA,,2018,7,10,1,,,1,,,1,,,,,,,,,100,0,2500,500,0,0,0,100,0,0,100,0,0,0,0,3300,,3,2,,,1978,ITALIA,LOMBARDIA,CONCESIO,F,1,,2,3,1,,2,5,1.092765096,1,3,49,3
P201534,0,1,CALABRIA,,2018,6,11,,,,1,,1,,,,1,,,,,,160,0,715,0,0,0,0,0,0,0,0,50,0,0,0,925,,1,3,,,1980,ITALIA,LOMBARDIA,OLGIATE COMASCO,F,1,,4,1,1,,1,6,0.292072948,1,3,103,3
P201537,0,1,TOSCANA,,2018,8,6,,,,1,,1,,,,1,,,,,,200,30,1000,200,70,0,0,50,0,0,0,0,0,0,0,1550,,4,3,,,1968,ITALIA,LOMBARDIA,BRESCIA,F,1,,2,4,1,,2,7,1.092765096,1,3,25,3
P201542,0,1,TOSCANA,,2019,2,3,1,,,1,,,,,1,,,,,,,50,10,300,200,0,0,0,0,0,0,0,0,0,0,0,560,,2,9,,,1986,ITALIA,LOMBARDIA,PAVIA,M,1,,3,2,1,,4,8,0.281333389,1,3,110,2
P201547,0,1,ABRUZZO,,2018,8,60,1,,,,,1,,,,1,,,,,,0,200,2000,1000,0,0,0,0,0,100,0,100,0,0,200,3600,,2,9,,Non amo il mare,1965,ITALIA,LAZIO,ROMA,F,3,,2,4,,,2,6,1.092765096,1,12,122,3
P201548,0,1,CAMPANIA,,2018,7,8,,1,,,,,,,,,,,,,,250,100,550,400,60,0,0,30,0,0,0,50,0,0,250,1690,,3,3,,,1973,ITALIA,SARDEGNA,NUORO,M,2,,2,3,,,1,6,1.026642919,1,20,102,3
P201550,0,1,LOMBARDIA,,2016,7,4,1,,,,,,,,,1,,,1,,,20,5,0,20,0,0,0,0,0,0,0,0,0,0,0,45,,3,9,,ci sono già stato,1966,ITALIA,LOMBARDIA,CREMONA,M,1,,3,1,1,,3,9,0.203071432,1,3,52,3
P201551,0,2,,SPAGNA,2018,8,7,,,,1,,1,,,,,,,,1,,240,30,650,30,0,0,0,0,20,0,0,0,40,0,0,1010,,1,2,,,1978,ITALIA,VENETO,MONTEFORTE D'ALPONE,M,1,,4,1,1,,3,6,0.203071432,1,5,92,3
P201555,0,2,,GERMANIA,2018,2,3,,,,,,1,1,,,,,,1,,,120,20,60,80,0,0,0,50,0,0,0,10,0,0,0,340,,2,3,,,1990,ITALIA,CAMPANIA,CICCIANO,F,1,,3,1,1,,4,6,0.43655719,1,15,47,2
P201556,0,0,,,2009,8,3,,,,1,,,,1,1,,,,,,,20,30,300,100,0,0,0,2,48,0,0,0,0,0,0,500,,2,3,,,1979,ITALIA,TOSCANA,PISTOIA,F,3,,2,2,,,2,5,1.092765096,1,9,113,3
P201558,0,1,SICILIA,,2018,9,5,,,,1,,,,,,,,,,,,500,70,400,50,0,0,0,20,0,0,15,60,0,0,0,1115,,4,3,,,1974,ITALIA,SICILIA,TRAPANI,M,1,,2,3,1,,2,5,1.026642919,1,19,149,3
P201560,0,1,ABRUZZO,,2018,6,7,,,,1,,,1,,1,,,,,,,150,20,500,50,0,20,0,20,10,20,10,10,0,0,30,840,,4,1,otranto,,1981,ITALIA,CAMPANIA,ACERRA,M,1,,2,3,2,,1,1,1.026642919,1,15,2,3
P201566,0,1,TRENTINO ALTO ADIGE,,2018,12,3,,,,,,1,1,,,,,1,,,,200,0,135,150,0,0,0,0,0,0,40,50,450,0,100,1125,,3,3,,,1968,ITALIA,EMILIA ROMAGNA,PARMA (PROVINCIA),M,1,,3,4,1,,2,8,0.203071432,1,8,109,3
P201570,0,1,EMILIA ROMAGNA,,2018,7,10,,1,,1,,1,,,,,,,,,,150,50,1000,300,50,0,0,50,150,0,0,50,50,0,0,1850,,3,3,,,1959,ITALIA,LOMBARDIA,MANTOVA,F,3,,3,4,,,1,4,0.430457609,1,3,76,4
P201573,0,2,,FRANCIA,2018,12,2,,,,1,,,,1,,1,,,,,,70,0,250,200,20,0,0,0,0,0,0,0,0,0,0,540,,2,2,,,1998,ITALIA,LOMBARDIA,GALLIATE LOMBARDO,M,5,,2,3,,,1,4,2.925643718,1,3,62,1
P201576,0,1,LAZIO,,2019,8,5,,,,,,1,1,,1,,,,,,,300,30,400,200,60,0,30,100,0,0,0,40,40,0,0,1200,,2,3,,,1974,ITALIA,SICILIA,PALERMO,F,3,,1,4,,,1,4,1.092765096,1,19,107,3
P201577,0,1,EMILIA,,2018,6,2,,,,,,1,1,,,,,,1,,,65,0,0,30,25,30,0,40,0,0,0,0,0,0,0,190,,1,2,,,1957,ITALIA,CAMPANIA,SAN SALVATORE TELESINO,F,1,Disabile,2,1,,,1,1,2.18266801,1,15,133,4
P201578,0,2,,PORTOGALLO,2016,9,7,,,,1,,,,,,,,,1,1,,600,0,1500,0,0,0,0,0,0,0,0,0,0,0,0,2100,,3,3,,,1973,ITALIA,LIGURIA,RAPALLO,M,1,,2,3,6,,2,5,1.026642919,1,7,118,3
P201579,0,0,,,2006,7,1,,,,1,,,,,,1,,,,,,500,0,0,0,0,0,0,0,0,0,0,0,0,0,0,500,,2,3,,,1984,ITALIA,SICILIA,MESSINA,F,3,,1,1,,,4,1,1.092765096,1,19,83,3
P201580,0,1,TRENTINO,,2018,4,4,1,,,,,1,,1,,,,,,,,50,0,200,60,30,0,0,0,0,0,0,0,0,0,0,340,,2,3,,,1983,ITALIA,EMILIA ROMAGNA,CARPINETI,M,1,,3,2,1,,2,7,0.203071432,1,8,34,3
P201587,0,0,,,2010,8,7,,,1,1,,1,,,,,,,,,,100,50,2000,50,50,0,0,30,200,0,0,0,0,0,0,2480,,3,3,,,1961,ITALIA,LAZIO,MARINO,F,3,,2,4,,,1,3,2.18266801,1,12,78,4
P201592,0,1,TRENTINO ALTO ADIGE,,2018,8,14,1,,,1,,,1,,,,,,,,,200,100,3000,500,0,0,0,0,0,0,0,50,0,0,0,3850,,5,3,,,1967,ITALIA,LOMBARDIA,BUSTO ARSIZIO,F,3,,2,3,,,1,7,1.092765096,1,3,29,3
P201596,0,1,VALLE D'AOSTA,,2018,8,6,1,,,,,,,,,1,,,,,,100,0,1500,50,0,0,0,100,0,0,0,30,0,0,200,1980,,3,3,,,1978,ITALIA,LOMBARDIA,ZEME,F,3,,2,1,,,3,3,1.092765096,1,3,162,3
P201599,0,1,TRENTINO,,2016,8,4,1,,,,,,,,,1,,,,,,100,50,450,70,20,0,0,0,0,0,0,25,0,0,50,765,,2,0,,Non so,1983,ITALIA,EMILIA ROMAGNA,MODENA,F,2,,2,1,,,1,3,1.092765096,1,8,87,3
P201600,0,1,EMILIA ROMAGNA,,2018,7,7,,,,1,,,,,1,,,,,,,100,50,800,300,50,50,30,50,40,5,5,20,20,50,50,1620,,3,3,,,1974,ITALIA,LOMBARDIA,MELZO,F,3,,2,3,,,1,1,1.092765096,1,3,79,3
P201602,0,2,,KENYA,2018,11,14,,,,1,,1,1,,,,,,,,,1500,0,1000,500,100,100,800,200,100,0,0,0,0,0,0,4300,,2,1,vieste,,1989,ITALIA,EMILIA ROMAGNA,BUDRIO,M,1,,2,2,1,,2,5,1.599722807,1,8,27,2
P201608,0,1,CALABRIA,,2018,8,7,,,,1,,,1,,,1,,,,,,300,150,900,500,0,0,0,100,100,250,150,100,0,0,100,2650,,3,3,,,1979,ITALIA,LAZIO,ROMA,M,1,,2,4,2,,2,6,1.026642919,1,12,122,3
P201613,0,2,,CROAZIA,2018,8,3,,,,1,,,,,1,1,,,,,,100,10,300,200,0,0,0,20,0,0,0,0,0,0,0,630,,2,1,lecce,,1986,ITALIA,VENETO,VENEZIA,M,1,,2,2,1,,1,2,1.599722807,1,5,157,2
P201618,0,1,EMILIA ROMAGNA,,2018,2,4,,,,1,,1,1,,,,,,,,,80,20,0,0,20,0,0,30,0,0,0,0,0,0,50,200,,2,3,,,1984,ITALIA,SICILIA,ACQUEDOLCI,F,2,,3,3,,,1,2,0.292072948,1,19,3,3
P201622,0,1,EMILIA ROMAGNA,,2018,6,8,,,,1,,1,,,,,,1,,,,200,100,600,150,50,50,0,30,60,0,0,0,50,0,0,1290,,4,3,,,1971,ITALIA,PIEMONTE,SAN MAURO TORINESE,M,1,,3,4,1,,4,8,0.203071432,1,1,132,3
P201626,0,2,,SPAGNA,2018,6,5,,,,1,,1,,,,,,,,1,,400,100,200,200,0,0,0,0,0,0,0,0,0,0,300,1200,,2,3,,,1984,ITALIA,LAZIO,ROMA,M,1,,2,3,1,,2,1,1.026642919,1,12,122,3
P201627,0,0,,,2012,8,7,,,,,,1,,,1,1,,,,,,40,0,500,500,0,0,0,0,100,0,0,0,0,0,360,1500,,3,3,,,1974,ITALIA,FRIULI VENEZIA GIULIA,CASARSA DELLA DELIZIA,F,1,,2,4,1,,1,4,1.092765096,1,6,38,3
P201628,0,2,,LONDRA,2018,8,2,1,,,1,,1,,,,,,,,,,200,0,200,0,0,0,0,0,0,0,0,0,0,0,0,400,,2,3,,,1974,ITALIA,ABRUZZO,GUARDIAGRELE,F,1,,1,2,2,,2,2,1.092765096,1,13,67,3
P201629,0,2,,MALTA,2018,8,10,,,,1,,1,1,,,,,,,,,300,20,150,100,30,0,0,20,0,0,0,20,0,0,0,640,,2,2,,,1971,ITALIA,CAMPANIA,MARIGLIANO,F,1,,3,1,1,,3,4,0.292072948,1,15,77,3
P201632,0,1,VENETO,,2018,8,10,,,,1,,,,,,,,,,,,100,50,3000,50,50,0,0,0,0,0,0,0,0,0,200,3450,,6,3,,,1973,ITALIA,TRENTINO ALTO ADIGE,EGNA,F,3,,1,3,,,1,5,1.092765096,1,4,53,3
P201633,0,1,LIGURIA,,2018,12,6,1,,,1,,,1,,,,,,,,,100,100,0,200,0,0,0,0,0,0,50,200,0,0,0,650,,2,0,,.,1989,ITALIA,PIEMONTE,TORINO,F,1,,2,1,1,,2,2,1.29068182,1,1,148,2
P201634,0,1,EMILIA ROMAGNA,,2016,9,4,,,,1,,,,,,1,,,,,,30,10,120,20,0,0,0,0,0,0,0,0,0,0,0,180,,1,3,,,1979,ITALIA,CAMPANIA,BATTIPAGLIA,M,2,,2,4,,,2,6,1.026642919,1,15,17,3
P201635,0,2,,FRANCIA,2018,10,2,,,,,1,1,,,,1,,,,,,165,25,234,200,0,0,0,0,0,0,0,0,0,0,40,664,,2,9,,,1965,ITALIA,TOSCANA,CAMAIORE,F,3,,2,2,,,2,3,1.092765096,1,9,31,3
P201640,0,1,CALABRIA,,2018,8,10,,,,1,,,,,,,,,,,,50,50,200,200,0,0,0,0,0,0,0,0,0,0,0,500,,,3,,,1990,ITALIA,CAMPANIA,SCAFATI,M,1,,2,1,1,,4,5,1.599722807,1,15,136,2
P201641,0,1,ROMA,,2018,9,3,1,,,,,1,1,,,,,,,,,250,0,500,150,0,0,0,0,0,0,0,0,0,0,0,900,,2,0,,DIPENDE DALLA META ANNUALE,1976,ITALIA,LOMBARDIA,BALLABIO,F,1,,2,2,1,,2,6,1.092765096,1,3,16,3
P201645,0,2,,SPAGNA,2018,8,10,,,,1,1,,1,,,,,,,,,1500,500,400,100,15,0,10,20,15,0,0,0,0,0,0,2560,,2,3,,,1977,ITALIA,LAZIO,ROMA,M,1,,3,2,1,,2,7,0.203071432,1,12,122,3
P201646,0,1,EMILIA ROMAGNANA,,2017,12,2,,,,,,1,,,1,,,1,,,,60,20,270,150,0,0,35,0,0,0,0,0,0,0,50,585,,5,3,,,1982,ITALIA,MARCHE,MACERATA,F,1,,3,3,2,,2,5,0.292072948,1,11,75,3
P201649,0,1,FRIULI-VENEZIA-GIULIA,,2019,3,3,1,,,,,,,,,,,,,,,200,20,0,0,0,0,0,0,0,0,0,0,0,0,0,220,,1,1,alberobello,,1956,ITALIA,VENETO,ADRIA,F,3,,2,1,,,1,4,2.18266801,1,5,4,4
P201650,0,1,"LOMBARDIA, VENETO",,2018,11,2,1,,,,1,,,,,1,,,,,,100,10,160,150,0,0,0,0,0,0,0,0,0,300,0,720,,2,3,,,1977,ITALIA,VENETO,ALBIGNASEGO,M,1,,2,3,1,,2,6,1.026642919,1,5,6,3
P201651,0,1,LIGURIA,,2018,8,8,,,,,,1,,,,1,,1,,,,100,50,0,900,0,0,0,0,200,0,0,0,0,0,0,1250,,3,3,,,1964,ITALIA,PIEMONTE,RUBIANA,M,1,,2,4,3,,1,7,2.21214238,1,1,125,4
P201655,0,2,,SPAGNA,2017,8,8,,,,,,1,1,,,,,,1,,,260,405,1040,845,150,0,0,0,0,0,0,0,0,0,0,2700,,4,3,,,1981,ITALIA,PIEMONTE,ALBIANO D'IVREA,M,1,,2,1,1,,1,3,1.026642919,1,1,5,3
P201658,0,1,TOSCANA,,2017,7,6,,,,1,,,,,,1,,,,,,200,50,800,250,0,0,0,0,0,0,0,0,0,0,100,1400,,2,3,,,1977,ITALIA,LOMBARDIA,TURBIGO,M,2,,2,1,,,2,4,1.026642919,1,3,154,3
P201662,0,1,SICILIA,,2017,7,5,,,,1,,,1,,,,1,,,,,200,30,240,150,35,60,25,40,50,30,50,70,80,80,0,1140,,2,3,,,1972,ITALIA,SICILIA,CATANIA,M,2,,2,1,,,3,2,1.026642919,1,19,43,3
P201668,0,1,LIGURIA,,2018,7,2,,,,1,,,1,,,,1,,,,,50,0,650,500,0,0,0,50,100,0,0,15,0,0,50,1415,,2,3,,,1963,ITALIA,PIEMONTE,FOSSNO,F,1,,1,2,6,,2,4,2.18266801,1,1,59,4
P201671,0,2,,KRIMEA YLTA,2015,8,15,1,,,1,,1,,,,,,,,,,362,0,0,0,0,0,0,0,0,0,0,0,0,0,0,362,,,9,,Non ho tempo,1975,ITALIA,MARCHE,FANO,F,3,,2,4,,,1,1,1.092765096,1,11,54,3
P201673,0,2,,FRANCIA,2019,2,5,,,,,,1,1,,1,,,,,,,90,57,0,120,100,0,0,30,0,0,0,0,0,0,0,397,,2,3,,,1991,ITALIA,LOMBARDIA,MILANO,M,5,,3,1,,,2,6,0.281333389,1,3,84,2
P201676,0,2,,REPUBBLICA CECA,2018,10,4,,,,1,1,1,,,,,,,,,,250,20,300,7,15,0,0,20,0,0,0,5,0,0,25,642,,2,3,,,1954,ITALIA,SICILIA,PALERMO,F,3,,2,2,,,1,4,2.18266801,1,19,107,5
P201679,0,1,EMILIA-ROMAGNA,,2018,8,8,,,,1,,1,,,1,,,,,,,150,50,1800,20,0,0,0,20,0,0,0,15,0,0,10,2065,,3,1,salento,,1965,ITALIA,PIEMONTE,ASTI,M,1,,2,3,2,,2,4,1.026642919,1,1,11,3
P201680,0,1,CAMPANIA,,2019,1,4,,1,,,,1,,,,1,,,,,,80,30,0,0,0,0,0,10,0,0,0,60,0,0,20,200,,3,3,,,1991,ITALIA,EMILIA ROMAGNA,MODENA,M,1,,3,1,1,,3,5,0.281333389,1,8,87,2
P201681,0,2,,CROAZIA AUSTRIA GERMANIA,2018,12,2,1,1,,,,,,,,1,,,,,,100,50,250,20,0,0,0,20,0,0,0,0,0,0,20,460,,3,9,,troppo lontano per viaggi auto,1980,ITALIA,LOMBARDIA,ISEO,F,3,,2,3,,,1,2,1.092765096,1,3,69,3
P201685,0,2,,FRANCIA,2018,5,5,,,,,,1,,,1,,,,1,,,0,0,0,0,0,0,0,0,0,0,0,0,0,0,0,2000,,3,2,,,1979,ITALIA,CAMPANIA,BENEVENTO,F,1,,3,3,1,,2,3,0.292072948,1,15,19,3
P201689,0,1,PUGLIA,,2005,8,3,,,,,,1,,,1,,,,1,,,200,30,550,150,0,0,0,20,0,0,0,10,0,0,0,960,,4,3,,,1983,ITALIA,SICILIA,MILITELLO IN VAL DI CATANIA,F,5,,2,1,,,2,3,1.092765096,1,19,85,3
P201694,0,0,,,2015,8,6,1,,,,,1,1,,,,,,,,,50,50,1230,350,70,0,0,150,0,80,60,70,0,0,0,2110,,2,9,,,1959,ITALIA,LAZIO,ROMA,F,4,,2,1,,,2,2,2.18266801,1,12,122,4
P201695,0,1,LIGURIA,,2018,8,7,,,,1,,,1,,,1,,,,,,200,50,1500,10,30,20,20,50,130,60,40,20,20,0,0,2150,,4,1,salento,,1980,ITALIA,LOMBARDIA,LECCO,M,1,,2,3,1,,2,6,1.026642919,1,3,74,3
P201696,0,1,EMILIA ROMAGNA,,2016,8,6,,,,1,,1,,,,1,,,,,,100,0,1000,200,50,0,0,10,0,0,0,0,0,0,0,1360,,2,0,,Non lo so,1984,ITALIA,LOMBARDIA,MORBEGNO,F,1,,2,2,1,,2,7,1.092765096,1,3,95,3
P201698,0,1,LAZIO,,2018,8,20,,,,,,1,,,,1,,1,,,,150,50,1600,150,15,0,50,50,0,0,0,0,0,0,100,2165,,2,9,,avendo le ferie solo in agosto il clima è troppo caldo ed in parte ad una generalizzata lievitazione dei prezzi,1960,ITALIA,EMILIA ROMAGNA,BOLOGNA,M,4,,1,4,,,3,6,2.21214238,1,8,22,4
P201700,0,2,,CANADA,2018,9,8,,1,1,1,,,,,,,,,,,,1200,1200,800,300,0,0,0,0,0,0,0,0,0,0,0,3500,,3,3,,,1974,ITALIA,LOMBARDIA,TREVIGLIO,M,1,,2,3,2,,3,8,1.026642919,1,3,152,3
P201701,0,1,EMILIA ROMAGNA,,2018,6,3,,,,,,,1,,,1,,1,,,,60,0,400,0,0,0,0,0,0,0,0,0,0,0,140,600,,2,3,,,1969,ITALIA,LOMBARDIA,MILANO,M,1,,2,1,1,,4,6,1.026642919,1,3,84,3
P201704,0,1,EMILIA-ROMAGNA,,2019,1,7,,,,1,,,1,,,,,,1,,,100,0,350,80,0,0,0,0,0,0,0,15,0,0,20,565,,2,9,,Troppo lontano,1973,ITALIA,LOMBARDIA,BRUGHERIO,F,3,,2,2,,,2,1,1.092765096,1,3,26,3
P201708,0,1,CERVIA,,2018,6,10,,,,1,,1,,,,1,,,,,,100,100,1000,200,80,0,0,100,150,0,0,0,0,0,0,1730,,5,2,,,1974,ITALIA,EMILIA ROMAGNA,RAVENNA,M,1,,2,4,4,,2,6,1.026642919,1,8,119,3
P201709,0,1,CALABRIA,,2018,6,4,,,,1,,1,,,,,,1,,,,0,0,0,0,0,0,0,0,0,0,0,0,0,0,0,400,,2,3,,,1991,ITALIA,LAZIO,ROMA,M,1,,3,1,1,,1,4,0.281333389,1,12,122,2
P201712,0,1,LIGURIA,,2018,6,5,,,,1,,,,,,1,,,1,,,120,40,200,230,15,0,0,0,60,0,35,50,0,0,250,1000,,4,3,,,1961,ITALIA,LOMBARDIA,BELGIOIOSO,M,1,,1,4,2,,1,2,2.21214238,1,3,18,4
P201714,0,1,BERGAMO,,2018,12,2,,,,,,1,,,1,,,,1,,,100,10,100,50,20,10,0,0,0,0,0,0,0,0,0,290,,2,3,,,1979,ITALIA,SICILIA,TRAPANI,M,1,,3,2,1,,4,5,0.203071432,1,19,149,3
P201718,0,2,,ALBANIA,2018,11,2,,,,,,1,,,,1,,,,1,,250,50,0,10,0,0,0,0,0,0,0,0,0,0,200,510,,2,3,,,1973,ITALIA,VENETO,PADOVA,M,1,,3,3,4,,1,3,0.203071432,1,5,106,3
P201719,0,2,,SPAGNA,2018,8,14,,,,1,,,,,,,,,,,,300,0,300,150,0,0,0,0,0,0,0,0,0,0,0,750,,1,3,,,1975,ITALIA,PIEMONTE,TORINO,M,1,,3,1,1,,1,4,0.203071432,1,1,148,3
P201721,0,2,,EGITTO,2019,6,15,,,,1,,,,,,1,,,1,,,2600,0,0,0,0,0,0,0,0,0,0,0,0,0,120,2720,,4,0,,sto valutando le destinazioni,1969,ITALIA,PIEMONTE,CASALE MONFERRATO,M,2,,1,3,,,1,3,1.026642919,1,1,37,3
P201722,0,1,EMILIA ROMAGNA,,2018,9,7,,,1,1,,1,,,,,,,,,,200,50,1200,100,0,0,0,0,80,0,0,100,0,0,0,1730,,4,2,,,1959,ITALIA,LAZIO,ROMA,M,1,,2,1,3,,1,4,2.21214238,1,12,122,4
P201723,0,1,SICILIA,,2018,7,7,,,,1,,1,,,,,,,,,,125,10,1250,0,20,0,0,0,0,0,0,15,0,0,0,1420,,2,2,,,1959,ITALIA,VENETO,POLESELLA,M,1,,2,2,1,,2,7,2.21214238,1,5,114,4
P201725,0,1,PISTOLA,,2018,12,2,,,,1,,,,,,1,,,,,,200,0,0,0,0,0,0,0,0,0,0,0,0,0,0,200,,1,2,,,1957,ITALIA,TOSCANA,FIRENZE,F,1,,4,1,3,,1,2,0.430457609,1,9,57,4
P201726,0,2,,SPAGNA,2018,10,10,1,,,1,,1,,,,,,,,,,350,200,500,500,200,0,0,80,0,0,20,0,0,0,0,1850,,2,3,,,1981,ITALIA,PIEMONTE,TORINO,F,1,,3,2,1,,2,7,0.292072948,1,1,148,3
P201727,0,0,,,2014,7,5,,,,1,,1,1,,,,,,,,,30,10,300,150,0,0,0,0,0,0,0,0,0,0,0,490,,3,0,,non so se posso fare vacanze,1960,ITALIA,LOMBARDIA,CARUGATE,F,1,,2,4,1,,4,7,2.18266801,1,3,36,4
P201728,0,2,,INGHILTERRA,2018,6,7,,,1,1,,,,,,1,,,,,,200,50,300,200,100,0,0,0,0,0,0,0,0,0,0,850,,2,0,,ancora non ho deciso,1963,ITALIA,SARDEGNA,SASSARI,F,1,,1,2,2,,2,5,2.18266801,1,20,134,4
P201731,0,1,AOSTA,,2018,8,8,1,,,,,,1,,,1,,,,,,50,40,900,300,0,0,0,50,0,0,0,60,0,0,0,1400,,2,3,,,1965,ITALIA,LOMBARDIA,MERATE,F,1,,3,2,1,,2,6,0.292072948,1,3,82,3
P201732,0,2,,PORTOGALLO,2019,2,2,,,,1,,,,,1,1,,,,,,40,9,60,120,10,0,0,12,0,0,10,0,0,0,0,261,,1,9,,cara e scomoda,1974,ITALIA,LOMBARDIA,BRESCIA,F,1,,2,2,1,,2,5,1.092765096,1,3,25,3
P201733,0,1,EMILIA ROMAGNA,,2018,8,1,,,,1,,,1,1,,,,,,,,50,0,200,200,50,0,0,0,50,0,30,20,100,0,50,750,,4,2,,,1985,ITALIA,EMILIA ROMAGNA,RAVENNA,F,3,,3,3,,,1,3,0.43655719,1,8,119,2
P201735,0,1,ROMA,,2018,5,2,,,,,,,1,,,,,,1,,,6,6,53,0,0,0,0,0,0,0,0,0,0,0,0,65,,1,9,,,1992,ITALIA,LAZIO,FROSINONE,M,2,,1,1,,,1,1,1.599722807,1,12,61,2
P201737,0,1,CAMPANIA,,2017,8,3,,,,,,1,,,1,1,,,,,,30,0,0,120,30,0,35,0,0,0,20,0,0,0,20,255,,4,9,,mi prendo cura di mia madre malata e non mi sposto troppo dalla campania,1981,ITALIA,CAMPANIA,CASERTA,F,3,,2,3,,,1,3,1.092765096,1,15,40,3
P201739,0,2,,PORTOGALLO,2018,7,5,,,,1,,1,,,1,,,,,,,300,50,500,130,45,0,0,15,0,0,5,0,0,0,0,1045,,2,2,,,1975,ITALIA,PISA,PONTEDERA,M,1,,3,2,1,,2,6,0.203071432,1,9,115,3
P201740,0,2,,REGNO UNITO,2018,4,4,,,,,,1,,,,,,,,1,,400,100,500,200,0,0,0,100,0,0,0,0,0,0,200,1500,,2,3,,,1974,ITALIA,SICILIA,FICARAZZI,M,1,,2,2,1,,1,3,1.026642919,1,19,56,3
P201747,0,1,CALABRIA,,2018,8,2,,,,1,,,,,,,,,,,,30,0,150,100,0,0,0,0,0,0,0,0,0,0,0,280,,4,2,,,1971,ITALIA,CALABRIA,MONTALTO UFFUGO,M,1,,2,3,1,,1,2,1.026642919,1,18,90,3
P201748,0,2,,MALDIVE,2019,1,7,,,,1,,,,,,,,,,,,0,0,0,0,0,0,0,0,0,0,0,0,0,0,0,5500,,2,3,,,1983,ITALIA,FRIULI,UDINE,M,1,,3,2,1,,2,4,0.203071432,1,6,155,3
P201753,0,1,TOSCANA,,2018,9,4,,,,,,,,,,1,,,,1,,100,50,300,150,30,0,20,0,0,0,0,25,0,0,0,675,,3,3,,,1987,ITALIA,EMILIA ROMAGNA,FERRARA,F,3,,2,3,,,1,1,1.29068182,1,8,55,2
P201760,0,0,,,2014,4,5,,,,1,,1,,,,1,,,,,,150,50,500,200,0,0,0,100,0,100,50,50,0,0,0,1200,,2,1,san giovanni in bevagna,,1955,ITALIA,LAZIO,GENZANO DI ROMA,F,1,,3,2,8,insegnante,1,6,0.430457609,1,12,65,4
P201765,0,1,VALLE D'AOSTA,,2018,8,5,1,,,1,,,,,,,,,,,,100,50,600,75,0,0,30,75,0,0,25,75,0,0,0,1030,,3,3,,,1973,ITALIA,LIGURIA,GENOVA,M,1,,3,3,8,Infermiere,1,6,0.203071432,1,7,64,3
P201766,0,1,ROMA,,2018,11,3,,,1,,1,,,,,1,,,,,,100,50,320,300,0,0,0,50,80,0,0,50,0,0,0,950,,5,1,gallipoli,,1979,ITALIA,CALABRIA,LAMEZIA TERME,F,1,,2,3,1,,1,1,1.092765096,1,18,72,3
P201767,0,1,LIGURIA,,2018,8,6,1,,,,,,,,1,1,,,,,,50,20,200,100,5,0,0,20,0,0,0,30,0,0,20,445,,2,3,,,1985,ITALIA,LIGURIA,SAVONA,F,1,,3,2,1,,2,6,0.43655719,1,7,135,2
P201768,0,2,,ALBANIA,2018,8,26,,,,1,,,1,,,1,,,,,,200,400,100,300,50,50,100,50,10,20,50,300,100,0,0,1730,,3,0,,Non c'è un motivo preciso! Potrei come non potrei visitarla!,1990,ITALIA,LOMBARDIA,BOVISIO MASCIAGO,F,3,,2,3,,,1,3,1.29068182,1,3,24,2
P201769,0,2,,GERMANIA,2018,8,13,1,,,,,1,1,,,,,,,,,600,300,800,800,100,0,100,0,0,0,0,0,0,0,300,3000,,2,3,,,1977,ITALIA,TN,VILLAZZANO TRENTO,M,1,,3,2,2,,2,7,0.203071432,1,4,161,3
P201771,0,2,,SPAGNA,2018,8,15,,,,,,1,1,,,,,1,,,,500,500,500,400,100,0,100,100,0,0,50,50,50,0,650,3000,,4,3,,,1971,ITALIA,EMILIA-ROMAGNA,MODENA,M,1,,3,3,1,,4,8,0.203071432,1,8,87,3
P201776,0,0,,,2014,8,1,,,,1,,,1,,,1,,,,,,50,0,60,30,0,0,0,0,0,0,0,0,0,0,0,140,,1,0,,non so,1966,ITALIA,BOLZANO,MERANO,M,1,,2,1,7,,1,2,1.026642919,1,4,81,3
P201777,0,1,LOMBARDIA,,2019,1,2,,,,,,1,,,,,,,,,,50,20,150,200,0,0,0,0,0,0,0,0,0,0,0,420,,2,3,,,1993,ITALIA,LIGURIA,GARLENDA,F,1,,3,2,4,,2,5,0.43655719,1,7,63,2
P201778,0,2,,MAROCCO,2018,8,7,,,,1,,,,,1,1,,,,,,250,50,300,80,0,0,0,20,50,0,0,30,0,0,0,780,,2,3,,,1996,ITALIA,VA,CARONNO PERTUSELLA,M,1,,2,1,2,,1,2,2.925643718,1,3,33,1
P201779,0,1,VENETO,,2018,7,4,,,,1,1,,1,,,,,,,,,70,0,300,50,0,0,0,0,0,0,30,10,0,35,0,495,,2,3,,,1973,ITALIA,PIEMONTE,NOVARA,F,2,,3,2,,,1,5,0.292072948,1,1,100,3
P201785,0,1,TRENTINO-ALTO ADIGE,,2018,7,12,1,,,1,,,,,,,,,,,,40,200,600,50,0,0,0,0,0,0,0,0,0,0,0,890,,4,9,,Sono già stato più volte in Puglia; nonostante mi sia piaciuto fare le vacanze in Puglia cercherei di fare una vacanza in un'altra regione italiana,1998,ITALIA,LOMBARDIA,MILANO,M,5,,2,4,,,2,7,2.925643718,1,3,84,1
P201788,0,1,CALABRIA,,2018,8,7,,,,1,,1,,,1,,,,,,,300,0,600,500,210,0,0,50,100,0,0,30,0,0,0,1790,,3,2,,,1976,ITALIA,TOSCANA,CASCINA,M,1,,3,3,3,,2,7,0.203071432,1,9,39,3
P201791,0,1,CAMPANIA,,2018,8,4,,,,1,,1,1,,,,,,,,,60,30,90,150,40,0,0,80,0,0,0,40,0,0,0,490,,2,3,,,1987,ITALIA,CALABRIA,REGGIO CALABRIA,M,2,,3,4,,,3,2,0.281333389,1,18,120,2
P201799,0,1,LAZIO,,2018,5,2,,,,,,1,1,1,,,,,,,,100,4,80,25,5,0,0,0,0,0,10,8,0,0,24,256,,2,1,lecce,,1986,ITALIA,LIGURIA,GENOVA,M,1,,3,3,4,,2,8,0.281333389,1,7,64,2
P201803,0,1,VENETO,,2018,7,5,1,,,1,,,,,1,,,,,,,30,10,500,200,0,0,0,50,0,0,0,30,0,0,70,890,,4,3,,,1978,ITALIA,FRIULI VENEZIA GIULIA,SACILE,M,1,,2,3,2,,2,5,1.026642919,1,6,126,3
P201807,0,1,EMILIA ROMAGNA,,2018,8,7,,,,1,,1,,,,1,,,,,,100,0,550,100,100,0,0,50,300,0,0,400,0,0,200,1800,,4,3,,,1982,ITALIA,EMILIA ROMAGNA,QUATTRO CASTELLA,F,1,,3,3,8,Infermiera,2,5,0.292072948,1,8,117,3
P201810,0,1,CAMPANIA,,2018,8,6,,,,1,,,,,,,,,,,,300,50,0,40,0,0,0,0,10,0,0,60,0,0,200,660,,3,3,,,1978,ITALIA,VALLE D'AOSTA,AOSTA,M,1,,2,3,8,Militare,2,5,1.026642919,1,2,9,3
P201811,0,0,,,2012,8,8,,,,1,,,,,,,,,,1,,100,0,500,100,0,0,0,0,0,0,0,0,0,0,100,800,,4,3,,,1973,ITALIA,ABRUZZO,TAGLIACOZZO,F,3,,1,4,,,1,1,1.092765096,1,13,145,3
P201818,0,1,CAMPANIA,,2018,9,8,,,,,,1,1,,,,,1,,,,200,100,400,200,150,100,100,150,0,0,0,20,0,0,100,1520,,3,3,,,1973,ITALIA,SARDEGNA,CAGLIARI,M,1,,3,3,1,,1,4,0.203071432,1,20,30,3
P201819,0,2,,AUSTRIA,2018,7,7,,,,,,1,1,,,,,1,,,,300,50,500,300,80,0,0,50,0,0,50,50,0,0,120,1500,,3,2,,,1978,ITALIA,AP,SAN BENEDETTO DEL TRONTO,M,1,,3,3,1,,2,5,0.203071432,1,11,127,3
P201820,0,1,VENETO,,2018,8,10,,,,1,,,1,,,,,,,1,,100,100,1600,300,150,0,0,0,0,0,300,250,100,90,300,3290,,4,3,,,1968,ITALIA,LOMBARDIA,BERGAMO,F,3,,2,3,,,4,6,1.092765096,1,3,20,3
P201823,0,1,BASILICATA,,2018,9,3,,,,,,,,,,1,,1,,,,100,0,250,0,0,0,0,0,0,0,0,0,0,0,0,350,,,3,,,1984,ITALIA,BASILICATA,AVIGLIANO,M,1,,3,2,1,,1,2,0.203071432,1,17,14,3
P201824,0,1,CAMPANIA,,2018,8,4,,,,1,,,1,,,1,,,,,,150,20,400,100,30,0,5,30,0,0,0,15,0,0,200,950,,3,1,gargano,,1975,ITALIA,MARCHE,ANCONA,F,1,,2,4,1,,2,3,1.092765096,1,11,8,3
P201829,0,2,,ISLANDA,2018,10,6,,,,,,1,,,,1,,1,,,,600,250,500,500,50,0,50,300,0,0,0,50,0,500,0,2800,,2,3,,,1960,ITALIA,CAMPANIA,NAPOLI,F,1,,2,4,1,,3,5,2.18266801,1,15,97,4
P201832,0,0,,,2014,7,2,1,1,,1,,,,,,,,,,,,50,0,0,0,0,0,0,0,0,0,0,0,0,0,0,50,,3,9,,no,1975,ITALIA,MARCHE,MONTECOSARO SCALO,M,5,,2,1,,,3,2,1.026642919,1,11,91,3
P201834,0,1,FRIULI VENEZIA-GIULIA,,2017,9,3,,,,,,1,1,,,,,,,1,,20,0,150,150,0,0,0,0,25,0,0,0,0,0,30,375,,2,3,,,1984,ITALIA,FRIULI VENEZIA GIULIA,ATTIMIS,F,2,,1,1,,,2,3,1.092765096,1,6,12,3
P201835,0,2,,REGNO UNITO,2018,4,5,,,,,,1,,,,1,,,,1,,150,100,200,100,50,0,0,0,0,0,0,0,0,0,0,600,,1,3,,,1993,ITALIA,SICILIA,CATANIA,M,1,,3,1,1,,1,2,0.281333389,1,19,43,2
P201838,0,1,LIGURIA,,2018,12,3,,,,1,,1,,,,,,1,,,,100,10,150,100,25,0,0,30,0,0,0,50,0,0,0,465,,2,2,,,1961,ITALIA,EMILIA-ROMAGNA,RIOLO TERME,F,3,,2,2,,,2,4,2.18266801,1,8,121,4
P201839,0,1,VENETO,,2019,3,3,,,,,,1,,,1,,,1,,,,110,56,0,40,0,0,0,10,0,0,0,0,0,0,0,216,,2,3,,,1994,ITALIA,SICILIA,PALERMO,M,5,,3,2,,,2,4,0.281333389,1,19,107,2
P201840,0,1,CAMPANIA,,2018,8,6,,,,1,,,,,1,1,,,,,,200,50,700,200,50,0,0,0,200,0,0,200,0,0,0,1600,,2,3,,,1964,ITALIA,LOMBARDIA,MILANO,F,1,,2,3,1,,1,4,2.18266801,1,3,84,4
P201842,0,1,SARDEGNA,,2018,8,4,,1,,,,,,,,1,,,,1,,100,20,300,150,0,0,0,50,0,0,0,10,0,0,50,680,,2,2,,,1980,ITALIA,TOSCANA,PISA,M,2,,3,2,,,2,1,0.203071432,1,9,112,3
P201843,0,1,FRIULI,,2017,12,9,1,,,,,1,,,,1,,,,,,200,0,0,0,0,0,0,0,0,0,0,100,0,0,100,400,,3,3,,,1989,ITALIA,SICILIA,PALERMO,F,1,,4,1,1,,1,3,0.43655719,1,19,107,2
P201846,0,1,TOSCANA,,2018,6,3,,,,1,,,1,,,1,,,,,,100,0,20,0,0,140,0,0,0,0,0,0,0,0,0,260,,2,3,,,1993,ITALIA,LAZIO,LATINA,M,2,,2,1,,,3,2,1.599722807,1,12,73,2
P201852,0,1,ROMAGNA,,2007,7,10,,,,1,,,,,1,1,,,,,,100,50,1000,500,0,0,0,0,50,0,0,0,0,0,0,1700,,1,3,,,1968,ITALIA,UMBRIA,PANICALE,M,1,,2,1,6,,1,1,1.026642919,1,10,108,3
P201853,0,1,MARCH,,2017,7,3,,1,,1,,,,1,,,,,,,,10,0,0,50,50,0,0,0,0,0,0,0,0,0,0,110,,2,3,,,1983,ITALIA,MARCHE,STAFFOLO,F,1,,2,3,2,,2,6,1.092765096,1,11,144,3
P201854,0,2,,SPAGNA,2018,12,3,,,,1,,1,1,,,,,,,,,200,50,300,150,50,0,30,0,0,0,0,0,0,0,0,780,,2,0,,Non saprei,1978,ITALIA,PIEMONTE,NOVARA,M,1,,2,2,1,,2,5,1.026642919,1,1,100,3
P201856,0,0,,,2012,8,15,1,1,,,,,,,,1,,,,,,200,0,900,20,0,0,0,0,75,0,0,0,0,0,0,1195,,1,3,,,1961,ITALIA,LOMBARDIA,MENAGGIOI,F,4,,2,1,,,2,2,2.18266801,1,3,80,4
P201857,0,1,TRENTINO ALTO ADIGE,,2018,7,3,1,,,1,,,,,,1,,,,,,100,25,300,50,0,0,0,50,0,0,25,25,0,0,0,575,,2,3,,,1968,ITALIA,LIGURIA,LA SPEZIA,M,1,,2,2,1,,2,5,1.026642919,1,7,71,3
P201862,0,0,,,2010,8,2,,,,1,,,,,1,1,,,,,,150,0,200,150,0,0,0,0,0,0,0,0,0,0,0,500,,2,3,,,1971,ITALIA,ABRUZZO,PESCARA,F,1,,2,2,1,,3,4,1.092765096,1,13,111,3
P201863,0,1,CAMPANIA,,2018,9,3,,,,1,,,1,,,1,,,,,,30,0,300,50,0,0,0,40,0,0,0,0,0,0,0,420,,2,2,,,1960,ITALIA,CAMPANIA,AVELLINO,F,2,,2,2,,,1,4,2.18266801,1,15,13,4
P201866,0,1,TRENTINO,,2018,8,7,1,,,1,,,,,,1,,,,,,100,30,700,150,20,0,20,45,0,0,10,15,0,0,0,1090,,3,2,,,1973,ITALIA,LOMBARDIA,ROSATE,M,1,,2,4,2,,1,4,1.026642919,1,3,124,3
P201867,0,1,VENETO,,2018,6,4,,,,,,,1,,1,1,,,,,,100,150,300,50,0,230,0,0,0,0,0,0,0,0,0,830,,1,3,,,1974,ITALIA,EMILIA ROMAGNA,FERRARA,F,1,,1,1,2,,1,2,1.092765096,1,8,55,3
P201869,0,2,,MAROCCO,2018,8,40,,,,1,,,,,1,1,,,,,,800,200,80,100,0,0,0,20,60,30,0,200,0,0,0,1490,,3,0,,É ancora presto per definire,2000,ITALIA,LOMBARDIA,CARONNO PERTUSELLA,M,1,Stagista,2,1,,,2,2,2.925643718,1,3,33,1
P201870,0,1,LAZIO,,2018,2,2,,,,,,,1,1,,1,,,,,,70,15,90,200,36,0,0,0,0,0,0,0,0,0,0,411,,2,3,,,1978,ITALIA,EMILIA-ROMAGNA,BOLOGNA,F,1,,4,2,1,,1,3,0.292072948,1,8,22,3
P201875,0,1,EMILIA ROMAGNA,,2018,6,14,,,,1,,1,,,,1,,,,,,70,100,500,300,0,0,0,0,150,0,50,500,0,0,200,1870,,2,3,,,1962,ITALIA,EMIIA ROMAGNA,MODENA,F,2,,1,4,,,1,2,2.18266801,1,8,87,4
P201876,0,1,ABRUZZO,,2018,8,7,,,,1,,,,,1,,1,,,,,100,30,1000,200,0,70,0,100,0,0,0,50,200,0,0,1750,,4,3,,,1969,ITALIA,LAZIO,ROMA,F,1,,4,3,1,,2,6,0.292072948,1,12,122,3
P201877,0,2,,GERMANIA,2018,12,6,,,,,,,1,,,1,,,1,,,30,0,0,50,20,0,0,30,0,0,0,30,0,30,20,210,,1,2,,,1997,ITALIA,SICILIA,SCIACCA,F,2,,2,1,,,3,5,1.606128957,1,19,137,1
P201879,0,1,SICILIA,,2018,8,15,,,,1,,,1,,1,,,,,,,400,150,1500,150,50,0,0,50,0,0,0,0,0,0,500,2800,,3,3,,,1963,ITALIA,PIEMONTE,TORINO,F,3,,1,4,,,1,3,2.18266801,1,1,148,4
P201881,0,1,LIGURIA,,2018,9,5,,,,1,,,1,,,,,,,,,50,0,400,100,0,0,0,0,30,0,0,15,0,0,0,595,,3,3,,,1973,ITALIA,PIEMONTE,OMEGNA,F,1,,2,3,2,,2,5,1.092765096,1,1,104,3
P201882,0,1,EMILIA ROMAGNA,,2008,8,15,,,,,,,1,,1,,,,,,,30,15,200,150,0,40,0,15,80,0,30,20,0,0,50,630,,4,2,,,1963,ITALIA,LOMBARDIA,MILANO,M,1,Lavoro saltuario,1,1,,,1,1,2.21214238,1,3,84,4
P201886,0,1,ROMA,,2018,11,15,1,,,1,,,,,,1,,,,,,1500,200,2000,500,300,0,1500,0,0,0,0,0,0,0,0,6000,,2,2,,,1983,ITALIA,SICILIA,MODICA,M,1,,3,2,1,,1,2,0.203071432,1,19,88,3
P201889,0,1,TOSCANA,,2018,8,8,,,,1,,1,,,1,,,,,,,100,20,1000,100,0,0,50,100,10,0,0,50,0,0,0,1430,,2,3,,,1986,ITALIA,PIEMONTE,TORINO,F,1,,2,2,2,,2,2,1.29068182,1,1,148,2
P201894,0,1,FRIULI,,2018,8,3,,,,,,1,,,,1,,,1,,,600,50,200,250,0,0,0,50,0,0,0,0,0,0,200,1350,,3,3,,,1981,ITALIA,CALABRIA,REGGIO CALABRIA,M,2,,3,4,,,1,2,0.203071432,1,18,120,3
P201896,0,2,,GERMANIA,2018,8,3,,,,,,1,,,1,,,1,,,,90,20,150,50,49,0,0,0,0,0,0,0,0,0,0,359,,2,3,,,1988,ITALIA,VENETO,VICENZA,M,1,,3,3,1,,2,3,0.281333389,1,5,160,2
P201897,0,2,,AUSTRIA,2018,8,5,,,,,,,1,,1,1,,,,,,300,100,400,500,300,500,0,150,0,0,0,0,0,0,150,2400,,4,3,,,1965,ITALIA,FRIULI,PORCIA,M,1,,2,4,1,,4,7,1.026642919,1,6,116,3
P201898,0,1,LIGURIA,,2017,8,8,,,,1,,,1,,1,,,,,,,90,20,0,0,0,0,0,0,0,0,0,0,0,0,100,210,,3,3,,,1972,ITALIA,PIEMONTE,COSSOGNO,M,2,,1,1,,,2,2,1.026642919,1,1,50,3
P201901,0,0,,,2013,9,2,,,,1,,,,,,,,,,,,0,0,0,0,0,0,0,0,0,0,0,0,0,0,0,150,,2,3,,,1973,ITALIA,ABRUZZO,PESCARA,M,1,,2,1,2,,6,2,1.026642919,1,13,111,3
P201903,0,0,,,2011,7,60,,,,1,,1,,,,1,,,,,,500,200,0,700,100,0,0,30,0,0,200,300,30,0,80,2140,,3,3,,,1966,ITALIA,MARCHE,FOSSOMBRONE,F,2,,3,3,,,1,1,0.292072948,1,11,60,3
P201905,0,1,LIGURIA,,2019,1,5,,,,,1,1,,1,,,,,,,,150,60,250,250,0,0,0,0,0,0,0,0,0,0,100,810,,1,3,,,1974,ITALIA,SARDEGNA,CAGLIARI,F,1,,3,1,1,,3,5,0.292072948,1,20,30,3
P201910,0,1,TOSCANA,,2018,8,10,1,,,,,1,,,,1,,,,,,44,50,0,30,0,0,0,40,0,0,0,40,0,0,0,204,,3,9,,Prediligo le località di montagna situate nelle Dolomiti,1979,ITALIA,LAZIO,ROMA,F,2,,3,1,,,2,6,0.292072948,1,12,122,3
P201912,0,1,LAZIO,,2018,8,14,1,,,1,1,,,,,,,,,,,300,150,600,100,50,10,20,0,5,0,0,0,0,30,50,1315,,1,3,,,1967,ITALIA,PIEMONTE,TORINO,M,1,,3,1,1,,1,4,0.203071432,1,1,148,3
P201915,0,1,CAMPANIA,,2018,8,15,,,,1,,,1,,,1,,,,,,200,50,500,100,0,0,0,0,80,0,0,0,0,0,50,980,,1,0,,DEVO VALUTARE,1989,ITALIA,LOMBARDIA,BRESCIA,M,1,,2,1,1,,3,4,1.599722807,1,3,25,2
P201917,0,2,,PRAGA,2018,12,7,,,,,,1,,,,,,,1,,,70,20,0,20,0,0,0,0,0,0,0,0,0,0,70,180,,4,3,,,1997,ITALIA,MILANO,CERNUSCO SUL NAVIGLIO,F,1,,3,2,1,,3,3,0.174226343,1,3,44,1
P201918,0,1,VERONA,,2018,8,7,1,,1,1,,,,,,,,,,,,100,100,500,300,0,0,0,40,100,0,0,0,0,0,0,1140,,4,2,,,1973,ITALIA,VENETO,VENEZIA,M,1,,2,3,2,,2,6,1.026642919,1,5,157,3
P201919,0,1,LIGURIA,,2018,7,16,,,,1,,,,,,,,,,,,100,22,0,300,0,0,0,0,0,0,0,0,0,0,300,722,,3,3,,,1974,ITALIA,PIEMONTE,VERBANIA,F,3,,2,3,,,1,4,1.092765096,1,1,158,3
P201922,0,2,,EGITTO,2018,12,7,,,,1,,1,,,,,,,1,,,0,0,0,0,0,0,0,0,0,0,0,0,0,0,0,1600,,2,2,,,1969,ITALIA,VENETO,TREVISO,M,1,,2,2,8,"Tanato esteta, operatore funebre, autista necroforo",2,6,1.026642919,1,5,153,3
P201923,0,0,,,2015,8,5,1,,,1,,,,,,1,,,,,,100,0,1000,200,0,0,0,0,0,0,0,0,0,0,0,1300,,4,3,,,1974,ITALIA,TN,TRENTO,M,1,,2,4,1,,1,4,1.026642919,1,4,151,3
P201925,0,2,,UK,2018,10,1,,,,,,1,1,,1,,,,,,,120,10,0,50,0,0,0,0,0,0,0,0,0,0,20,200,,1,0,,non conosco,1979,ITALIA,SARDEGNA,CAGLIARI,F,1,,2,1,1,,1,3,1.092765096,1,20,30,3
P201928,0,1,MARCHE,,2018,7,15,1,,,1,,,1,,,,,,,,,350,100,2500,400,0,0,0,50,0,0,0,0,0,0,0,3400,,4,2,,,1973,ITALIA,PIEMONTE,ASTI,F,1,,3,3,1,,2,5,0.292072948,1,1,11,3
P201936,0,1,ROMAGNA,,2007,9,4,,,,1,1,,1,,,,,,,,,150,0,1200,0,0,0,0,0,0,0,0,0,0,0,0,1350,,2,3,,,1963,ITALIA,MARCHE,TAVOLETO,M,4,,2,2,,,1,1,2.21214238,1,11,147,4
P201941,0,1,SICILIA,,2018,12,2,,,,1,,,,,1,1,,,,,,500,100,120,100,0,0,0,0,0,0,0,0,0,0,0,820,,2,9,,,1995,ITALIA,SARDEGNA,LA MADDALENA,M,1,,2,2,2,,1,3,2.925643718,1,20,70,1
P201942,0,2,,GRECIA,2018,8,4,,,,1,,1,1,,,,,,,,,150,50,350,250,10,0,0,0,20,0,5,55,0,0,30,920,,3,1,gargano,,1975,ITALIA,LOMBARDIA,MILANO,M,1,,3,3,1,,1,2,0.203071432,1,3,84,3
P201944,0,2,,BULGARIA,2019,1,2,,,,1,,1,,,1,,,,,,,120,10,45,35,5,0,0,5,0,0,0,0,0,0,0,220,,1,3,,,1993,ITALIA,VENETO,BUSSOLENGO,M,1,,3,1,1,,3,6,0.281333389,1,5,28,2
P201945,0,1,SICILIA,,2018,8,30,,,,1,,,1,,1,,,,,,,250,0,0,0,0,0,0,0,0,0,0,0,0,0,0,250,,3,3,,,1977,ITALIA,LOMBARDIA,ABBIATEGRASSO,F,1,,2,1,1,,3,7,1.092765096,1,3,1,3
P201946,0,2,,FRANCIA,2016,8,10,,,,,,1,1,,1,,,,,,,350,150,200,150,0,0,0,100,0,50,50,80,0,0,100,1230,,2,3,,,1978,ITALIA,PIEMONTE,TORINO,F,1,,3,2,1,,1,1,0.292072948,1,1,148,3
P201947,0,1,VENETO,,2016,6,7,,,1,1,,,,,,,,,,,,100,200,400,50,20,0,0,0,50,0,0,0,0,0,0,820,,4,3,,,1985,ITALIA,BELLUNO,SEREN DEL GRAPPA,F,1,,2,3,2,,2,1,1.29068182,1,5,139,2
P201950,0,1,VENETO,,2018,5,2,,,,,1,1,,,,,,,,,,60,0,700,0,0,0,0,0,0,0,0,0,0,0,0,760,,2,3,,,1967,ITALIA,LOMBARDIA,COLOGNE,M,2,,2,2,,,1,1,1.026642919,1,3,48,3
P201951,0,1,MARCHE,,2018,8,3,,,,1,,1,,,,1,,,,,,150,0,300,200,50,0,0,0,0,0,0,0,0,0,0,700,,4,2,,,1977,ITALIA,UDINE,SAN GIORGIO DI NOGARO,F,3,,2,3,,,1,3,1.092765096,1,6,129,3
P201953,0,2,,GIAPPONE,2018,12,8,,,,1,,,,,,1,,,1,,,1000,0,6000,500,0,0,100,0,0,0,0,0,0,0,1000,8600,,2,3,,,1978,ITALIA,VENETO,VERONA,M,1,,2,2,1,,2,7,1.026642919,1,5,159,3
P201954,0,1,MARCHE,,2018,8,6,,,,1,,,,,1,,,,,,,25,10,0,500,0,0,0,0,0,0,0,200,0,0,100,835,,3,2,,,1975,ITALIA,UMBRIA,BEVAGNA,M,1,,2,3,2,,2,6,1.026642919,1,10,21,3
P201957,0,2,,ALBANIA,2018,11,10,,,,1,,,,,,1,,,,,,243,219,235,158,39,214,467,123,135,34,23,215,16,34,0,2155,,3,2,,,1995,ITALIA,PV,PAVIA,F,1,,1,2,1,,1,1,1.606128957,1,3,110,1
P201958,0,2,,POLONIA,2018,12,4,,,,,,1,1,,,,,,1,,,200,50,200,100,60,0,0,20,0,0,0,0,0,0,0,630,,2,3,,,1980,ITALIA,LAZIO,ROMA,F,1,,2,4,1,,1,6,1.092765096,1,12,122,3
P201959,0,1,SICILIA,,2018,9,3,,,,1,,,,,1,,,,,,,40,0,60,50,0,0,0,0,0,0,0,0,50,0,0,200,,4,1,gallipoli,,1995,ITALIA,SICILIA,PALERMO,F,1,,3,1,4,,2,2,0.174226343,1,19,107,1
P201960,0,1,PIEMONTE,,2018,7,5,,,,,1,1,,,,,,1,,,,50,20,50,20,0,0,0,50,0,0,0,0,0,0,0,190,,1,2,,,1979,ITALIA,LIGURIA,RONCO SCRIVIA,F,1,,4,1,1,,1,2,0.292072948,1,7,123,3
P201961,0,2,,MARSIGLIA,2019,3,3,,,,,,1,1,,,1,,,,,,300,100,400,400,0,0,0,50,0,0,0,0,0,0,0,1250,,6,3,,,1994,ITALIA,LAZIO,SEGNI,F,5,,2,4,,,1,2,1.29068182,1,12,138,2
P201964,0,2,,GRECIA,2018,8,5,,,,1,,,,,,,,,,,,300,200,150,100,0,0,0,0,20,0,0,0,0,0,0,770,,1,3,,,1993,ITALIA,CAMPANIA,NAPOLI,M,1,,2,1,1,,3,7,1.599722807,1,15,97,2
P201972,0,0,,,2000,7,30,,,,1,,1,,,,1,,,,,,600,300,1500,200,50,0,50,200,0,0,0,300,0,0,200,3400,,2,0,,mi piacerebbe ma nn so ancora quando,1965,ITALIA,SARDEGNA,ALGHERO,F,2,,2,2,,,2,2,1.092765096,1,20,7,3
P201974,0,1,MARINA DI CAMEROTA,,2018,7,3,,,,1,,1,,,1,,,,,,,50,50,300,200,0,40,40,10,0,0,0,15,0,0,50,755,,3,2,,,1979,ITALIA,NA,SAN GIORGIO A CREMAN,F,1,,4,3,1,,2,3,0.292072948,1,15,128,3
P201976,0,1,TOSCANA,,2018,8,7,1,,,,,1,1,,,,,,,,,100,50,1500,700,200,0,0,100,0,0,0,150,0,0,0,2800,,4,2,,,1975,ITALIA,LT,FORMIA,M,1,,3,4,1,,1,6,0.203071432,1,12,58,3
P201979,0,2,,PORTOGALLO,2018,8,7,,,,1,,1,1,,,,,,,,,600,80,750,200,15,0,0,0,0,0,40,35,0,0,0,1720,,3,3,,,1987,ITALIA,LOMBARDIA,CREMA,F,1,,3,1,1,,2,6,0.43655719,1,3,51,2
P201980,0,1,TRENTINO ALTO ADIGE,,2019,1,7,1,,,,,1,,,,1,,,,,,0,0,0,0,0,0,0,0,0,0,0,0,0,0,0,4000,,4,3,,,1971,ITALIA,MARCHE,ANCONA,F,1,,2,4,2,,3,4,1.092765096,1,11,8,3
P201983,0,1,SARDEGNA,,2018,6,30,,,,1,,,,,1,,,,,1,,160,0,0,0,0,0,0,0,0,0,0,10,0,0,300,470,,1,9,,credo andrò ancora in sardegna,1974,ITALIA,CALABRIA,SIDERNO,F,1,colf part time,1,4,,,2,1,1.092765096,1,18,141,3
P201985,0,1,SICILA,,2015,8,2,,,,1,,1,,,,1,,,,,,100,20,250,300,0,0,0,20,20,0,50,0,0,50,0,810,,4,3,,,1983,ITALIA,SICILIA,AVOLA,F,1,Titolare b&b,3,3,,,1,5,0.292072948,1,19,15,3
P201989,0,1,VENETO,,2019,1,3,1,1,,,,,,,,1,,,,,,60,15,100,50,0,0,0,0,0,0,0,0,300,0,0,525,,3,3,,,1997,ITALIA,VENETO,VENEZIA,F,5,,2,1,,,3,7,1.606128957,1,5,157,1
P201990,0,1,TOSCANA,,2016,7,4,,1,,,,1,,,,,,,,,,50,0,0,5,10,0,10,0,0,0,0,0,0,0,75,150,,2,2,,,1955,ITALIA,LAZIO,CERVETERI,F,1,,2,4,1,,2,5,2.18266801,1,12,45,4
P201991,0,1,TRENTINO,,2018,8,8,1,,,,1,,,,,1,,,,,,60,40,550,60,50,30,50,40,0,0,0,25,0,150,50,1105,,2,1,gargano,,1956,ITALIA,EMILIA ROMAGNA,SERRAVALLE,M,1,,2,4,1,,2,7,2.21214238,1,8,140,4
P201996,0,1,ROMAGNA,,2018,7,21,,,,1,,,,,,,,,,,,60,100,1000,0,0,0,0,0,0,0,0,0,0,0,0,1160,,3,9,,faccio campeggio e la roulotte è fissa in luogo,1957,ITALIA,LOMBARDIA,MILANO,M,2,,2,4,,,1,4,2.21214238,1,3,84,4
P201997,0,1,TRENTINO ALTO ADIGE,,2018,8,4,,,,,,,,,,1,,,,,,200,0,150,300,0,0,0,0,0,0,0,0,0,0,0,650,,1,9,,,1978,ITALIA,FRIULI VENEZIA GIULIA,CARLINO,F,1,,2,1,1,,4,6,1.092765096,1,6,32,3
P201998,0,1,TRENTINO ALTO ADIGE,,2018,8,6,1,,,,,1,,,,1,,,,,,250,150,500,300,0,0,0,65,0,0,0,150,0,0,150,1565,,1,1,salento,,1954,ITALIA,LAZIO,ROMA,M,1,,3,4,3,,1,7,0.423089944,1,12,122,5
P202000,0,2,,SPAGNA,2018,10,2,,,,1,,1,,,,1,,,,,,120,100,300,80,0,0,10,20,0,0,0,0,0,0,0,630,,6,2,,,1982,ITALIA,VENETO,NOALE,F,3,,1,2,,,2,2,1.092765096,1,5,99,3
P202002,0,1,TOSCANA,,2018,8,2,,,,1,,1,,,1,,,,,,,30,0,0,25,50,30,0,0,0,0,0,0,0,0,50,185,,1,3,,,1961,ITALIA,VENETO,VENEZIA,F,2,,2,1,,,1,1,2.18266801,1,5,157,4
P202004,0,1,RIMINI,,2016,7,7,,,,1,,,1,,,1,,,,,,400,20,10,5,10,5,10,5,5,4,4,20,10,0,0,508,,2,3,,,1973,ITALIA,TOSCANA,AREZZO,F,2,,2,3,,,3,2,1.092765096,1,9,10,3
P202005,0,2,,GIORDANIA,2018,11,12,,,,,,1,1,,,1,,,,,,0,0,0,0,0,0,0,0,0,0,0,0,0,0,0,2200,,2,3,,,1959,ITALIA,EMILIA ROMAGNA,CASTELLARANO,M,4,,2,4,,,3,6,2.21214238,1,8,41,4
P202011,0,0,,,2016,2,4,,,,,,,,,1,,,,,,,190,400,200,200,200,0,0,0,0,0,0,0,0,0,0,1190,,,3,,,1998,ITALIA,SICILIA,MESSINA,M,5,,2,2,,,1,3,2.925643718,1,19,83,1
P202015,0,1,TOSCANA,,2018,6,2,,,,1,,1,,,,,,1,,,,0,10,200,50,30,0,0,0,0,0,0,0,0,0,0,290,,1,3,,,1975,ITALIA,SICILIA,CATANIA,F,1,,2,3,1,,2,1,1.092765096,1,19,43,3
P202018,0,2,,AUSTRIA,2018,8,9,1,,,,,,1,,,1,,,,,,100,120,1300,700,30,0,0,50,0,0,0,50,0,0,200,2550,,3,0,,"Ho selezionato ""non lo so"", non no....",1973,ITALIA,LIGURIA,GENOVA,M,1,,2,2,1,,1,5,1.026642919,1,7,64,3
P202021,0,1,TOSCANA,,2019,3,2,,,,,,1,,,1,,,,,,,50,0,120,70,22,0,0,0,0,0,0,0,0,0,0,262,,2,3,,,1994,ITALIA,VENETO,ADRIA,F,5,,3,1,,,3,10,0.43655719,1,5,4,2
P202027,0,1,SICILIA,,2018,6,3,,,,,,,,,,1,,,1,,,50,0,0,150,50,0,50,0,0,0,0,0,0,0,0,300,,2,2,,,1970,ITALIA,SICILIA,MISTERBIANCO,F,3,,2,4,,,1,3,1.092765096,1,19,86,3
P202029,0,0,,,1992,3,2,,1,,,,1,,,,1,,,,,,50,0,0,0,0,0,0,0,0,0,0,0,0,0,0,50,,2,3,,,1956,ITALIA,PIEMONTE,TORINO,F,1,,1,2,5,,2,7,2.18266801,1,1,148,4
P202033,0,2,,AUSTRIA,2019,3,4,,,,,,1,,,1,,,,,,,50,30,50,50,0,0,0,5,0,0,0,0,0,0,0,185,,6,0,,Da decidere,1997,ITALIA,FRIULI-VENEZIA GIULIA,UDINE,M,5,,2,4,,,4,1,2.925643718,1,6,155,1
P202034,0,1,SARDEGNA,,2018,6,7,,,,1,,,,,,,,,,1,,200,0,0,100,30,0,0,0,0,0,0,0,0,0,0,330,,3,0,,sono indeciso se fare una vacanza o no,1979,ITALIA,SICILIA,TAORMINA,M,1,,3,1,1,,1,2,0.203071432,1,19,146,3
P202036,0,1,TRENTINO-ALTO,,2018,9,3,,,,1,,,1,,,1,,,,,,30,0,200,30,30,50,0,100,0,0,50,100,20,0,100,710,,2,2,,,1956,ITALIA,TRENTINO-ALTO,TRENTO,F,4,,2,2,,,2,5,2.18266801,1,4,151,4
P202039,0,2,,FRANCIA,2018,11,4,,,,,,1,1,,1,,,,,,,150,40,230,250,0,70,20,0,0,0,15,0,0,0,250,1025,,2,3,,,1987,ITALIA,SARDEGNA,GONNESA,F,1,,4,4,2,,2,2,0.43655719,1,20,66,2
P202043,0,2,,FRANCIA,2018,8,6,,,,1,,,,,,1,,,1,,,100,30,700,100,30,0,0,20,150,0,15,0,50,20,50,1265,,4,2,,,1972,ITALIA,LIGURIA,GENOVA,M,1,,2,3,1,,2,8,1.026642919,1,7,64,3
P202046,0,1,SICILIA,,2018,8,18,,,,,,1,1,,,,,,,1,,300,300,1300,400,0,0,0,200,0,0,0,60,0,0,200,2760,,3,3,,,1959,ITALIA,PI,PISA,M,1,,2,4,1,,2,6,2.21214238,1,9,112,4
P202049,0,1,TOSCANA,,2016,5,3,,,,1,,,,,1,1,,,,,,300,50,0,200,0,15,0,0,0,0,0,50,0,0,50,665,,2,3,,,1971,ITALIA,TRENTO,NAGO TORBOLE,F,3,,2,2,,,2,3,1.092765096,1,4,96,3
P202052,0,2,,GIORDANIA,2018,11,5,,,,,,1,,,,1,,1,,,,300,0,300,0,0,0,200,50,0,0,0,0,0,0,0,850,,1,3,,,1972,ITALIA,TRENTINO-ALTO ADIGE,BOLZANO,F,1,,2,1,1,,1,4,1.092765096,1,4,23,3
P202055,0,1,EMILIA ROMAGNA,,2018,8,10,,,,1,,,,1,1,,,,,,,250,0,3000,500,0,0,0,0,0,0,0,0,0,0,0,3750,,4,1,ostuni,,1971,ITALIA,PIEMONTE,TORINO,M,1,,3,3,1,,2,6,0.203071432,1,1,148,3
P202060,0,1,TOSCANA,,2019,1,5,,,,1,1,,,,,,,,,,,50,10,0,50,0,0,0,0,0,0,0,0,0,0,40,150,,,3,,,1996,ITALIA,VENETO,PADOVA,F,5,,3,1,,,1,5,0.174226343,1,5,106,1
P202061,0,1,TRENTINO ALTO ADIGE,,2018,12,2,1,,,1,,,,,,,,1,,,,20,25,150,100,20,0,0,15,0,0,0,30,0,0,0,360,,3,3,,,1997,ITALIA,VENETO,VALDAGNO,M,5,,2,1,,,3,5,2.925643718,1,5,156,1
P202064,0,1,TRENTINO,,2019,1,2,,,,1,,1,,,,,,,,1,,40,60,150,50,0,0,0,0,0,0,0,0,50,0,55,405,,3,3,,,1975,ITALIA,VENETO,TREVISO,F,2,,3,3,,,1,4,0.292072948,1,5,153,3
P202065,0,1,LAZIO,,2016,7,3,,,,,1,,,,,,1,,1,,,22,22,137,35,77,0,7,43,5,55,33,66,0,4,555,1061,,2,1,salento,,1994,ITALIA,LOMBARDIA,MONZA,F,5,,2,1,,,2,9,1.29068182,1,3,94,2
P202067,0,2,,CORFU,2018,8,7,,,,1,,,,,1,,,,,,,0,0,500,100,0,0,0,50,0,30,0,50,0,0,0,730,,5,2,,,1999,ITALIA,CAMPANIA,SAN MARZANO,M,5,,2,1,,,1,1,2.925643718,1,15,131,1
P202069,0,1,EMILIA ROMAGNA,,2018,8,10,,,,1,,1,,,,,,,,,,80,50,600,300,0,0,0,100,500,0,0,300,0,0,0,1930,,2,3,,,1996,ITALIA,TOSCANA,PISTOIA,F,5,,2,2,,,2,1,1.606128957,1,9,113,1
P202071,0,1,LOMBARDIA,,2019,2,4,,,,,,1,,,1,,,,,1,,75,15,100,150,0,0,0,10,0,0,0,0,11,0,10,371,,1,3,,,1982,ITALIA,CAMPANIA,NAPOLI,M,2,,2,1,,,2,5,1.026642919,1,15,97,3
P202078,0,1,TRENTINO ALTO ADIGE,,2018,7,7,,,,,,,,,,,,,,1,,200,0,1200,200,50,0,0,20,0,0,0,50,50,0,0,1770,,4,3,,,1976,ITALIA,UMBRIA,CASTIGLIONE DEL LAGO,F,1,,2,3,1,,2,4,1.092765096,1,10,42,3
P202081,0,1,LIGURIA,,2019,1,5,,,,1,,1,1,,,,,,,,,60,20,0,120,0,0,0,0,0,0,0,0,0,0,100,300,,2,3,,,1956,ITALIA,LOMBARDIA,NERVIANO,M,4,,1,2,,,1,4,2.21214238,1,3,98,4
P202084,0,1,TOSCANA,,2018,8,2,1,,,,,,,,1,,,,,,,50,50,100,0,0,0,0,0,0,0,0,0,0,0,45,245,,1,3,,,1972,ITALIA,LAZIO,ROMA,M,1,,2,1,1,,1,4,1.026642919,1,12,122,3
P202085,0,1,SICILIA,,2019,1,5,,,,1,,1,1,,,,,,,,,250,40,0,10,10,20,0,0,0,0,15,40,0,0,50,435,,2,9,,Già stata nel 2010,1984,ITALIA,VENETO,MONTAGNANA,F,1,,3,2,4,,1,1,0.292072948,1,5,89,3
P202086,0,1,LAZIO,,2018,7,5,,,,,,1,1,,,,,,1,,,50,10,250,200,50,50,50,50,0,0,0,0,0,0,0,710,,3,0,,non so bene cosa vedere,1977,ITALIA,SICILIA,PALERMO,F,2,,4,1,,,2,1,0.292072948,1,19,107,3
P202088,0,1,SARDEGNA,,2018,8,3,,,,1,,,1,,1,,,,,,,50,10,150,30,0,20,0,0,0,0,0,0,0,0,0,260,,3,3,,,1991,ITALIA,SARDEGNA,CAGLIARI,F,5,,3,2,,,1,3,0.43655719,1,20,30,2
P202094,0,1,TOSCANA,,2018,8,7,,,,1,,,,,1,1,,,,,,100,20,800,150,0,0,0,0,0,0,0,25,0,0,100,1195,,3,3,,,1971,ITALIA,TOACANA,FIRENZE,M,1,,2,3,6,,2,6,1.026642919,1,9,57,3
P202099,0,0,,,2010,10,6,,,,,,1,,,,1,,,,1,,1500,0,0,0,0,0,0,0,0,0,0,0,0,0,0,1500,,2,0,,non lo so ancora se ci potrò andare un giorno,1968,ITALIA,VENETO,VERONA,F,3,,2,2,,,2,2,1.092765096,1,5,159,3
P202101,0,2,,INGHILTERRA,1995,3,4,,,,,,1,,,,,,,,,,100,20,100,10,0,0,0,0,0,0,0,0,0,0,0,230,,,9,,già stata,1973,ITALIA,TOSCANA,FIRENZE,F,1,,4,1,8,insegnante,2,4,0.292072948,1,9,57,3
P202105,0,1,LOMBARDIA,,2017,5,2,,,,1,,,1,,,,1,,,,,100,20,120,40,0,0,0,0,0,0,100,30,0,0,0,410,,1,3,,,1979,ITALIA,TOSCANA,SIENA,M,1,,3,3,4,,1,3,0.203071432,1,9,142,3
P202106,0,1,TOSCANA,,2016,10,14,,,,1,,1,,,,1,,,,,,200,200,1500,400,0,0,50,50,0,100,100,100,0,0,200,2900,,5,9,,LONTANANZA,1965,ITALIA,PISTOIA,SAN MARCELLO PISTOIESE,F,2,,2,4,,,2,3,1.092765096,1,9,130,3
P202110,0,1,FIRENZE,,2017,5,2,,,,,,1,,1,1,,,,,,,150,30,0,0,0,0,0,0,0,0,0,0,0,0,0,180,,2,3,,,1995,ITALIA,TOSCANA,MONTEVARCHI,F,5,,3,1,,,4,2,0.174226343,1,9,93,1
P202112,0,1,VENETO,,2017,9,1,1,,1,,,,,1,,,,,,,,150,0,160,150,0,0,0,30,0,0,0,56,0,0,25,571,,2,3,,,1958,ITALIA,MO,NOVI DI MODENA,M,3,,1,4,,,3,2,2.21214238,1,8,101,4
P202114,0,0,,,2006,11,7,,,,1,,1,,,,,,,1,,,400,0,200,100,0,0,0,0,0,0,0,0,0,0,0,700,,1,0,,Non so dove andare,1962,ITALIA,CAMPANIA,SOLOFRA,M,1,,3,1,4,,1,3,0.423089944,1,15,143,4
P202117,0,0,,,1998,8,10,,,,1,,1,,,,1,,,,,,60,50,500,20,15,0,0,0,0,0,0,20,0,0,0,665,,2,1,salento,,1958,ITALIA,TOSCANA,CARRARA,F,1,,2,2,6,,2,3,2.18266801,1,9,35,4
