Column,name,link,rating,rating_num,ranking,latitude,longitude,stars,excellence_cert,address,price_range,stars_alt,rooms,evaluation,families,couples,alone,business,friends,mar_may,jun_aug,sep_nov,dec_feb_old,languages,price_range_low,price_range_up,avg_price,stars_alt_new,excellent,very_good,good,bad,very_bad,dec_feb,italian,first_foreign_new,second_foreign_new,NA,NA2,excellent_p,very_good_p,good_p,bad_p,very_p,families_p,couples_p,alone_p,business_p,friends_p,mar_may_p,jun_aug_p,sep_nov_p,dec_feb_p,region
35,Leuven City Hostel,/Hotel_Review-g188669-d2450500-Reviews-Leuven_City_Hostel-Leuven_Flemish_Brabant_Province.html,3,71,N. 13 di 19 altri alloggi a Leuven,"50,878578","4,7089",NA,0,Ravenstraat 37,NA,NA,NA,2.9,1,8,11,10,35,19,18,16,Eccellente1Molto buono7Nella media4Scarso1Pessimo5,Italiano (41),Inglese (40),Olandese (12),NA,NA,NA,NA,8,26,9,5,23,18,NA,NA,NA,NA,NA,"0,112676056338028","0,366197183098592","0,126760563380282","0,0140845070422535","0,112676056338028","0,154929577464789","0,140845070422535","0,492957746478873","0,267605633802817","0,253521126760563","0,225352112676056","0,0704225352112676",Leuven
31,B&B Nena,/Hotel_Review-g188669-d13448262-Reviews-B_B_Nena-Leuven_Flemish_Brabant_Province.html,5,1,N. 18 di 26 Bed & Breakfast a Leuven,"50,882992","4,74636",NA,Vedi tutte le foto (11)11,Platte Lostraat 568A,NA,NA,NA,5,0,1,1,1,1,0,1,0,Eccellente0Molto buono0Nella media0Scarso0Pessimo0,NA,NA,NA,NA,NA,NA,NA,1,0,0,0,0,0,NA,NA,NA,NA,NA,1,0,0,0,1,1,1,1,0,1,0,0,Leuven
5,Gasthof De Pastorij,/Hotel_Review-g188669-d778995-Reviews-Gasthof_De_Pastorij-Leuven_Flemish_Brabant_Province.html,5,78,N. 1 di 26 Bed & Breakfast a Leuven,"50,876667","4,701111",NA,Vedi tutte le foto (33)33,Sint-Michielsstraat 5,NA,NA,NA,4.9,3,78,30,59,36,7,7,7,Eccellente5Molto buono0Nella media0Scarso0Pessimo0,Italiano (35),Inglese (47),Olandese (18),NA,NA,NA,NA,67,11,0,0,0,5,NA,NA,NA,NA,NA,"0,858974358974359","0,141025641025641",0,"0,0384615384615385",1,"0,384615384615385","0,756410256410256","0,461538461538462","0,0897435897435897","0,0897435897435897","0,0897435897435897",0,Leuven
48,Jackson's Hotel,/Hotel_Review-g188669-d1379863-Reviews-Jackson_s_Hotel-Leuven_Flemish_Brabant_Province.html,NA,NA,NA,"50,88047","4,69535",NA,0,Brusselsestraat 110-112,NA,NA,NA,4.9,3,78,30,59,36,7,7,7,Eccellente5Molto buono0Nella media0Scarso0Pessimo0,Italiano (35),Inglese (47),Olandese (18),NA,NA,NA,NA,67,11,0,0,0,5,NA,NA,NA,NA,NA,NA,NA,NA,NA,NA,NA,NA,NA,NA,NA,NA,NA,Leuven
12,Hotel Professor,/Hotel_Review-g188669-d1379861-Reviews-Hotel_Professor-Leuven_Flemish_Brabant_Province.html,"3,5",69,N. 14 di 18 hotel a Leuven,"50,87825","4,70075",NA,Vedi tutte le foto (27)27,Naamsestraat 20,NA,NA,NA,3.6,3,69,16,33,26,5,0,1,Eccellente0Molto buono1Nella media0Scarso0Pessimo0,Italiano (26),Inglese (25),Olandese (23),NA,NA,NA,NA,3,14,6,1,2,1,NA,NA,NA,NA,NA,"0,0434782608695652","0,202898550724638","0,0869565217391304","0,0434782608695652",1,"0,231884057971014","0,478260869565217","0,376811594202899","0,072463768115942",0,"0,0144927536231884","0,0144927536231884",Leuven
63,Shortstay Leuven,/Hotel_Review-g188669-d15277616-Reviews-Shortstay_Leuven-Leuven_Flemish_Brabant_Province.html,NA,NA,NA,"50,877701","4,70363",NA,0,Tiensestraat 40,NA,NA,NA,3.6,3,69,16,33,26,5,0,1,Eccellente0Molto buono1Nella media0Scarso0Pessimo0,Italiano (26),Inglese (25),Olandese (23),NA,NA,NA,NA,3,14,6,1,2,1,NA,NA,NA,NA,NA,NA,NA,NA,NA,NA,NA,NA,NA,NA,NA,NA,NA,Leuven
26,Hostel2.be,/Hotel_Review-g188669-d12789985-Reviews-Hostel2_be-Leuven_Flemish_Brabant_Province.html,4,2,N. 10 di 19 altri alloggi a Leuven,"50,88446","4,71114",NA,0,Diestsevest 89,NA,NA,NA,4,0,2,0,1,1,0,0,0,Eccellente0Molto buono0Nella media0Scarso0Pessimo0,NA,NA,NA,NA,NA,NA,NA,1,0,1,0,0,0,NA,NA,NA,NA,NA,"0,5",0,"0,5",0,1,0,"0,5","0,5",0,0,0,0,Leuven
50,Daniels B&B,/Hotel_Review-g188669-d2005981-Reviews-Daniels_B_B-Leuven_Flemish_Brabant_Province.html,NA,NA,NA,"50,881119","4,68457",NA,0,Cardenberch 14,NA,NA,NA,4,0,2,0,1,1,0,0,0,Eccellente0Molto buono0Nella media0Scarso0Pessimo0,NA,NA,NA,NA,NA,NA,NA,1,0,1,0,0,0,NA,NA,NA,NA,NA,NA,NA,NA,NA,NA,NA,NA,NA,NA,NA,NA,NA,Leuven
32,Boardhousing Apartservice,/Hotel_Review-g188669-d12726841-Reviews-Boardhousing_Apartservice-Leuven_Flemish_Brabant_Province.html,"4,5",3,N. 5 di 19 altri alloggi a Leuven,"50,863609","4,695",NA,0,Lodewijk Engelbertus van Arenbergplein 1,NA,NA,NA,4.3,1,3,1,2,1,0,0,1,Eccellente0Molto buono0Nella media0Scarso0Pessimo0,NA,NA,NA,NA,NA,NA,NA,1,2,0,0,0,0,NA,NA,NA,NA,NA,"0,333333333333333","0,666666666666667",0,"0,333333333333333",1,"0,333333333333333","0,666666666666667","0,333333333333333",0,0,"0,333333333333333",0,Leuven
2,Martin's Klooster Hotel,/Hotel_Review-g188669-d284245-Reviews-Martin_s_Klooster_Hotel-Leuven_Flemish_Brabant_Province.html,"4,5",930,N. 1 di 18 hotel a Leuven,"50,879242","4,695973",NA,1,Onze-Lieve-Vrouwstraat 18,NA,NA,NA,4.4,74,930,266,690,319,63,67,58,Eccellente23Molto buono16Nella media5Scarso2Pessimo0,Italiano (314),Inglese (391),Olandese (382),NA,NA,NA,NA,499,347,63,15,6,46,NA,NA,NA,NA,NA,"0,536559139784946","0,373118279569892","0,067741935483871","0,0795698924731183",1,"0,286021505376344","0,741935483870968","0,343010752688172","0,067741935483871","0,0720430107526882","0,0623655913978495","0,0161290322580645",Leuven
9,Begijnhof Hotel,/Hotel_Review-g188669-d605921-Reviews-Begijnhof_Hotel-Leuven_Flemish_Brabant_Province.html,"3,5",330,N. 6 di 18 hotel a Leuven,"50,87101","4,695229",NA,Vedi tutte le foto (149)149,Groot Begijnhof 15,NA,NA,NA,3.7,36,330,124,229,156,26,24,42,Eccellente5Molto buono11Nella media5Scarso3Pessimo2,Italiano (124),Inglese (147),Olandese (130),NA,NA,NA,NA,68,157,70,24,11,26,NA,NA,NA,NA,NA,"0,206060606060606","0,475757575757576","0,212121212121212","0,109090909090909",1,"0,375757575757576","0,693939393939394","0,472727272727273","0,0787878787878788","0,0727272727272727","0,127272727272727","0,0727272727272727",Leuven
7,Novotel Leuven Centrum,/Hotel_Review-g188669-d259656-Reviews-Novotel_Leuven_Centrum-Leuven_Flemish_Brabant_Province.html,4,771,N. 5 di 18 hotel a Leuven,"50,885937","4,710648",NA,1,Vuurkruisenlaan 4,NA,NA,NA,3.9,148,771,271,470,329,69,63,62,Eccellente4Molto buono24Nella media17Scarso2Pessimo0,Italiano (290),Inglese (380),Olandese (246),NA,NA,NA,NA,186,412,130,23,20,47,NA,NA,NA,NA,NA,"0,24124513618677","0,534370946822309","0,168612191958495","0,191958495460441",1,"0,351491569390402","0,609597924773022","0,426718547341115","0,0894941634241245","0,0817120622568093","0,0804150453955901","0,0298313878080415",Leuven
42,Bed & Breakfast M. Reynaert-Huygens,/Hotel_Review-g188669-d1594780-Reviews-Bed_Breakfast_M_Reynaert_Huygens-Leuven_Flemish_Brabant_Province.html,"4,5",2,N. 17 di 26 Bed & Breakfast a Leuven,"50,882561","4,69642",NA,Vedi tutte le foto (5)5,Brouwersstraat 1,NA,NA,NA,4.5,0,2,1,2,1,0,0,1,Eccellente0Molto buono0Nella media0Scarso0Pessimo0,NA,NA,NA,NA,NA,NA,NA,1,1,0,0,0,0,NA,NA,NA,NA,NA,"0,5","0,5",0,0,1,"0,5",1,"0,5",0,0,"0,5",0,Leuven
34,The Leuven Institute for Ireland In Europe,/Hotel_Review-g188669-d15186083-Reviews-The_Leuven_Institute_for_Ireland_In_Europe-Leuven_Flemish_Brabant_Province.html,4,1,N. 20 di 26 Bed & Breakfast a Leuven,"50,875641","4,69612",NA,Vedi tutte le foto (2)2,Janseniusstraat 1,NA,NA,NA,4,0,1,1,1,1,0,0,1,Eccellente0Molto buono0Nella media0Scarso0Pessimo0,NA,NA,NA,NA,NA,NA,NA,0,1,0,0,0,0,NA,NA,NA,NA,NA,0,1,0,0,1,1,1,1,0,0,1,0,Leuven
43,De 3 Gapers,/Hotel_Review-g188669-d3374763-Reviews-De_3_Gapers-Leuven_Flemish_Brabant_Province.html,5,1,N. 19 di 26 Bed & Breakfast a Leuven,"50,895241","4,751",NA,0,Kortrijksestraat 353,NA,NA,NA,5,0,0,0,1,0,0,0,0,Eccellente0Molto buono0Nella media0Scarso0Pessimo0,NA,NA,NA,NA,NA,NA,NA,1,0,0,0,0,0,NA,NA,NA,NA,NA,1,0,0,0,0,0,1,0,0,0,0,0,Leuven
30,Park Bed & Breakfast,/Hotel_Review-g188669-d4363357-Reviews-Park_Bed_Breakfast-Leuven_Flemish_Brabant_Province.html,"4,5",16,N. 10 di 26 Bed & Breakfast a Leuven,"50,861469","4,71663",NA,Vedi tutte le foto (16)16,Abdijstraat 56,NA,NA,NA,4.6,2,16,3,12,3,1,1,1,Eccellente0Molto buono0Nella media0Scarso0Pessimo0,Italiano (7),Inglese (5),Olandese (5),NA,NA,NA,NA,12,3,0,0,1,0,NA,NA,NA,NA,NA,"0,75","0,1875",0,"0,125",1,"0,1875","0,75","0,1875","0,0625","0,0625","0,0625",0,Leuven
25,Budget Flats Leuven,/Hotel_Review-g188669-d954169-Reviews-Budget_Flats_Leuven-Leuven_Flemish_Brabant_Province.html,"3,5",44,N. 9 di 19 altri alloggi a Leuven,"50,871754","4,71684",NA,Vedi tutte le foto (48)48,Bierbeekstraat 75,NA,NA,NA,3.3,5,13,6,44,19,3,3,3,Eccellente0Molto buono2Nella media1Scarso0Pessimo0,Italiano (22),Inglese (26),Olandese (13),NA,NA,NA,NA,8,15,11,2,8,3,NA,NA,NA,NA,NA,"0,181818181818182","0,340909090909091","0,25","0,113636363636364","0,295454545454545","0,136363636363636",1,"0,431818181818182","0,0681818181818182","0,0681818181818182","0,0681818181818182","0,0454545454545455",Leuven
8,Ibis Leuven Heverlee,/Hotel_Review-g641779-d3240508-Reviews-Ibis_Leuven_Heverlee-Heverlee_Leuven_Flemish_Brabant_Province.html,4,201,NA,NA,NA,NA,1,Sint-Jansbergsesteenweg 405,NA,NA,NA,3.9,3,48,26,39,24,77,40,48,Eccellente6Molto buono18Nella media6Scarso3Pessimo0,Italiano (19),Inglese (17),Francese (12),NA,NA,NA,NA,13,21,11,3,0,33,NA,NA,NA,NA,NA,"0,0646766169154229","0,104477611940299","0,054726368159204","0,0149253731343284","0,238805970149254","0,129353233830846","0,194029850746269","0,119402985074627","0,383084577114428","0,199004975124378","0,238805970149254","0,0149253731343284",Leuven
37,de bron Heverlee,/Hotel_Review-g641779-d13825482-Reviews-De_bron_Heverlee-Heverlee_Leuven_Flemish_Brabant_Province.html,NA,NA,NA,"50,862919","4,70846",NA,0,Bronlaan 3,NA,NA,NA,3.9,3,48,26,39,24,77,40,48,Eccellente6Molto buono18Nella media6Scarso3Pessimo0,Italiano (19),Inglese (17),Francese (12),NA,NA,NA,NA,13,21,11,3,0,33,NA,NA,NA,NA,NA,NA,NA,NA,NA,NA,NA,NA,NA,NA,NA,NA,NA,Leuven
21,Lodging at 8,/Hotel_Review-g188669-d1166577-Reviews-Lodging_at_8-Leuven_Flemish_Brabant_Province.html,"4,5",53,N. 5 di 26 Bed & Breakfast a Leuven,NA,NA,NA,Vedi tutte le foto (14)14,Weldadigheidsstraat 8,NA,NA,NA,4.4,2,12,6,8,6,17,12,8,Eccellente5Molto buono1Nella media0Scarso1Pessimo0,Italiano (5),Inglese (7),Olandese (2),NA,NA,NA,NA,3,1,1,0,0,7,NA,NA,NA,NA,NA,"0,0566037735849057","0,0188679245283019","0,0188679245283019","0,0377358490566038","0,226415094339623","0,113207547169811","0,150943396226415","0,113207547169811","0,320754716981132","0,226415094339623","0,150943396226415",0,Leuven
55,Bed & Breakfast Alizee,/Hotel_Review-g188669-d3366001-Reviews-Bed_Breakfast_Alizee-Leuven_Flemish_Brabant_Province.html,5,15,N. 8 di 26 Bed & Breakfast a Leuven,"50,882339","4,70453",NA,Vedi tutte le foto (5)5,Sint-Maartenstraat 41,NA,NA,NA,5,0,3,1,1,1,1,0,0,Eccellente1Molto buono0Nella media0Scarso0Pessimo0,Italiano (1),Inglese (1),Olandese (1),NA,NA,NA,NA,3,0,0,0,0,1,NA,NA,NA,NA,NA,"0,2",0,0,0,"0,2","0,0666666666666667","0,0666666666666667","0,0666666666666667","0,0666666666666667",0,0,0,Leuven
24,Hotel New Damshire,/Hotel_Review-g188669-d536154-Reviews-Hotel_New_Damshire-Leuven_Flemish_Brabant_Province.html,"3,5",111,N. 13 di 18 hotel a Leuven,"50,87595","4,697735",NA,Vedi tutte le foto (56)56,Schapenstraat 1,NA,NA,NA,3.3,4,33,17,25,17,39,23,22,Eccellente0Molto buono11Nella media9Scarso6Pessimo0,Italiano (17),Inglese (17),Olandese (9),NA,NA,NA,NA,2,12,13,6,0,26,NA,NA,NA,NA,NA,"0,018018018018018","0,108108108108108","0,117117117117117","0,036036036036036","0,297297297297297","0,153153153153153","0,225225225225225","0,153153153153153","0,351351351351351","0,207207207207207","0,198198198198198","0,0540540540540541",Leuven
44,B&B Annais,/Hotel_Review-g188669-d3321202-Reviews-B_B_Annais-Leuven_Flemish_Brabant_Province.html,"3,5",2,N. 21 di 26 Bed & Breakfast a Leuven,"50,925732","4,69945",NA,0,Gebroeders Tassetstraat 90,NA,NA,NA,NaN,0,0,0,0,0,0,0,0,Eccellente0Molto buono0Nella media0Scarso0Pessimo0,NA,NA,NA,NA,NA,NA,NA,0,0,0,0,0,0,NA,NA,NA,NA,NA,0,0,0,0,0,0,0,0,0,0,0,0,Leuven
36,Boutique Hotel Loven,/Hotel_Review-g188669-d12620280-Reviews-Boutique_Hotel_Loven-Leuven_Flemish_Brabant_Province.html,5,1,N. 14 di 19 altri alloggi a Leuven,"50,879238","4,699788",3,Vedi tutte le foto (25)25,Parijsstraat 7,NA,ui_star_rating star_30,NA,NaN,0,0,0,0,0,0,0,0,Eccellente0Molto buono0Nella media0Scarso0Pessimo0,NA,NA,NA,NA,NA,NA,3,0,0,0,0,0,0,NA,NA,NA,NA,3,0,0,0,0,0,0,0,0,0,0,0,0,Leuven
10,Ibis Leuven Centrum,/Hotel_Review-g188669-d206729-Reviews-Ibis_Leuven_Centrum-Leuven_Flemish_Brabant_Province.html,"3,5",509,N. 8 di 18 hotel a Leuven,"50,880192","4,697479",NA,Vedi tutte le foto (115)115,Brusselsestraat 52,NA,NA,NA,3.6,11,126,51,82,57,176,83,95,Eccellente10Molto buono31Nella media33Scarso6Pessimo2,Italiano (46),Inglese (69),Olandese (23),NA,NA,NA,NA,16,54,45,8,3,82,NA,NA,NA,NA,NA,"0,031434184675835","0,106090373280943","0,0884086444007859","0,0216110019646365","0,2475442043222","0,100196463654224","0,161100196463654","0,111984282907662","0,345776031434185","0,163064833005894","0,18664047151277","0,0157170923379175",Leuven
4,The Cube Hostel,/Hotel_Review-g188669-d6903456-Reviews-The_Cube_Hostel-Leuven_Flemish_Brabant_Province.html,"4,5",217,N. 1 di 19 altri alloggi a Leuven,NA,NA,NA,1,Brusselsestraat 110,NA,NA,NA,4.5,3,49,16,12,25,28,7,16,Eccellente10Molto buono1Nella media1Scarso1Pessimo0,Italiano (28),Inglese (33),Olandese (5),NA,NA,NA,NA,31,15,2,0,1,13,NA,NA,NA,NA,NA,"0,142857142857143","0,0691244239631336","0,00921658986175115","0,0138248847926267","0,225806451612903","0,0737327188940092","0,0552995391705069","0,115207373271889","0,129032258064516","0,032258064516129","0,0737327188940092",0,Leuven
45,B&B Toets en Bord,/Hotel_Review-g188669-d3165923-Reviews-B_B_Toets_en_Bord-Leuven_Flemish_Brabant_Province.html,4,1,N. 22 di 26 Bed & Breakfast a Leuven,"50,87286","4,70831",NA,0,Brabanconnestraat 93,NA,NA,NA,NaN,0,0,0,0,0,0,0,0,Eccellente0Molto buono0Nella media0Scarso0Pessimo0,NA,NA,NA,NA,NA,NA,NA,0,0,0,0,0,0,NA,NA,NA,NA,NA,0,0,0,0,0,0,0,0,0,0,0,0,Leuven
14,Theater Hotel Leuven,/Hotel_Review-g188669-d310476-Reviews-Theater_Hotel_Leuven-Leuven_Flemish_Brabant_Province.html,"3,5",175,N. 10 di 18 hotel a Leuven,"50,879532","4,704875",NA,Vedi tutte le foto (96)96,Bondgenotenlaan 20,NA,NA,NA,3.9,4,47,18,35,20,68,33,43,Eccellente7Molto buono7Nella media9Scarso0Pessimo1,Italiano (16),Inglese (30),Olandese (8),NA,NA,NA,NA,11,22,12,1,1,24,NA,NA,NA,NA,NA,"0,0628571428571429","0,125714285714286","0,0685714285714286","0,0228571428571429","0,268571428571429","0,102857142857143","0,2","0,114285714285714","0,388571428571429","0,188571428571429","0,245714285714286","0,00571428571428571",Leuven
15,Hotel Malon,/Hotel_Review-g188669-d1463432-Reviews-Hotel_Malon-Leuven_Flemish_Brabant_Province.html,"3,5",52,N. 11 di 26 Bed & Breakfast a Leuven,"50,881611","4,71425",NA,Vedi tutte le foto (8)8,Martelarenplein 15,NA,NA,NA,3.6,2,16,7,10,8,19,12,10,Eccellente0Molto buono5Nella media3Scarso1Pessimo0,Italiano (9),Inglese (8),Olandese (6),NA,NA,NA,NA,1,8,6,1,0,9,NA,NA,NA,NA,NA,"0,0192307692307692","0,153846153846154","0,115384615384615","0,0384615384615385","0,307692307692308","0,134615384615385","0,192307692307692","0,153846153846154","0,365384615384615","0,230769230769231","0,192307692307692","0,0192307692307692",Leuven
3,Park Inn by Radisson Leuven,/Hotel_Review-g188669-d2141111-Reviews-Park_Inn_by_Radisson_Leuven-Leuven_Flemish_Brabant_Province.html,4,1406,N. 2 di 18 hotel a Leuven,NA,NA,NA,1,Martelarenlaan 36,NA,NA,NA,4.2,18,317,113,248,139,375,167,218,Eccellente57Molto buono95Nella media34Scarso7Pessimo5,NA,NA,NA,NA,NA,NA,NA,118,154,33,9,3,198,NA,NA,NA,NA,NA,"0,0839260312944523","0,109530583214794","0,0234708392603129","0,0128022759601707","0,225462304409673","0,0803698435277383","0,176386913229019","0,0988620199146515","0,266714082503556","0,11877667140825","0,155049786628734","0,00640113798008535",Leuven
16,La Royale,/Hotel_Review-g188669-d317721-Reviews-La_Royale-Leuven_Flemish_Brabant_Province.html,"3,5",141,N. 15 di 18 hotel a Leuven,"50,881119","4,714395",NA,Vedi tutte le foto (48)48,Martelarenplein 6,NA,NA,NA,3.5,8,34,10,17,14,32,16,18,Eccellente0Molto buono5Nella media5Scarso3Pessimo1,Italiano (18),Inglese (16),Olandese (14),NA,NA,NA,NA,4,14,11,4,1,14,NA,NA,NA,NA,NA,"0,0283687943262411","0,099290780141844","0,0780141843971631","0,0567375886524823","0,24113475177305","0,0709219858156028","0,120567375886525","0,099290780141844","0,226950354609929","0,113475177304965","0,127659574468085","0,0283687943262411",Leuven
58,Casa Ra Toca,/Hotel_Review-g188669-d3256514-Reviews-Casa_Ra_Toca-Leuven_Flemish_Brabant_Province.html,"4,5",23,N. 13 di 26 Bed & Breakfast a Leuven,"50,879269","4,699831",NA,Vedi tutte le foto (23)23,Parijsstraat 7,NA,NA,NA,4,1,2,1,1,1,6,2,5,Eccellente0Molto buono1Nella media0Scarso0Pessimo0,Italiano (2),Inglese (2),Tutte le lingue,NA,NA,NA,NA,0,2,0,0,0,1,NA,NA,NA,NA,NA,0,"0,0869565217391304",0,"0,0434782608695652","0,0869565217391304","0,0434782608695652","0,0434782608695652","0,0434782608695652","0,260869565217391","0,0869565217391304","0,217391304347826",0,Leuven
13,Binnenhof Hotel,/Hotel_Review-g188669-d312489-Reviews-Binnenhof_Hotel-Leuven_Flemish_Brabant_Province.html,"3,5",138,N. 12 di 18 hotel a Leuven,"50,878815","4,712225",NA,Vedi tutte le foto (41)41,Maria-Theresiastraat 65,NA,NA,NA,3.4,2,40,26,35,28,68,43,39,Eccellente3Molto buono10Nella media18Scarso4Pessimo3,Italiano (24),Inglese (23),Olandese (6),NA,NA,NA,NA,5,14,16,3,2,38,NA,NA,NA,NA,NA,"0,036231884057971","0,101449275362319","0,115942028985507","0,0144927536231884","0,289855072463768","0,188405797101449","0,253623188405797","0,202898550724638","0,492753623188406","0,311594202898551","0,282608695652174","0,0217391304347826",Leuven
18,Boardhouse Hotel,/Hotel_Review-g641779-d637182-Reviews-Boardhouse_Hotel-Heverlee_Leuven_Flemish_Brabant_Province.html,"4,5",89,N. 1 di 2 Bed & Breakfast a Heverlee,"50,86348","4,69132",NA,Vedi tutte le foto (20)20,Jules Vandenbemptlaan 6,NA,NA,NA,4.4,2,24,11,19,12,28,14,17,Eccellente10Molto buono5Nella media1Scarso1Pessimo0,Italiano (10),Inglese (11),Olandese (7),NA,NA,NA,NA,10,13,1,0,0,17,NA,NA,NA,NA,NA,"0,112359550561798","0,146067415730337","0,0112359550561798","0,0224719101123595","0,269662921348315","0,123595505617978","0,213483146067416","0,134831460674157","0,314606741573034","0,157303370786517","0,191011235955056",0,Leuven
39,B&B 52,/Hotel_Review-g188669-d3386452-Reviews-B_B_52-Leuven_Flemish_Brabant_Province.html,5,8,N. 12 di 26 Bed & Breakfast a Leuven,"50,89669","4,72861",NA,Vedi tutte le foto (17)17,Bruineveld 52,NA,NA,NA,5,0,3,2,1,2,1,1,1,Eccellente1Molto buono0Nella media0Scarso0Pessimo0,NA,NA,NA,NA,NA,NA,NA,3,0,0,0,0,1,NA,NA,NA,NA,NA,"0,375",0,0,0,"0,375","0,25","0,125","0,25","0,125","0,125","0,125",0,Leuven
40,B&B Het Leuvens Hof,/Hotel_Review-g188669-d3259297-Reviews-B_B_Het_Leuvens_Hof-Leuven_Flemish_Brabant_Province.html,5,5,N. 14 di 26 Bed & Breakfast a Leuven,"50,871288","4,69813",NA,0,Schapenstraat 103,NA,NA,NA,5,0,1,0,1,0,1,0,1,Eccellente0Molto buono0Nella media0Scarso0Pessimo0,NA,NA,NA,NA,NA,NA,NA,1,0,0,0,0,0,NA,NA,NA,NA,NA,"0,2",0,0,0,"0,2",0,"0,2",0,"0,2",0,"0,2",0,Leuven
53,Guesthouse Begijnhof,/Hotel_Review-g188669-d2569094-Reviews-Guesthouse_Begijnhof-Leuven_Flemish_Brabant_Province.html,5,59,N. 2 di 26 Bed & Breakfast a Leuven,"50,871639","4,698",NA,Vedi tutte le foto (24)24,Schapenstraat 97,NA,NA,NA,4.9,2,16,6,10,7,16,8,9,Eccellente8Molto buono1Nella media0Scarso0Pessimo0,Italiano (12),Inglese (13),Olandese (2),NA,NA,NA,NA,15,1,0,0,0,9,NA,NA,NA,NA,NA,"0,254237288135593","0,0169491525423729",0,"0,0338983050847458","0,271186440677966","0,101694915254237","0,169491525423729","0,11864406779661","0,271186440677966","0,135593220338983","0,152542372881356",0,Leuven
51,Martin's Place,/Hotel_Review-g188669-d3168391-Reviews-Martin_s_Place-Leuven_Flemish_Brabant_Province.html,NA,NA,NA,"50,881851","4,70497",NA,0,Sint-Maartenstraat 27,NA,NA,NA,4.9,2,16,6,10,7,16,8,9,Eccellente8Molto buono1Nella media0Scarso0Pessimo0,Italiano (12),Inglese (13),Olandese (2),NA,NA,NA,NA,15,1,0,0,0,9,NA,NA,NA,NA,NA,NA,NA,NA,NA,NA,NA,NA,NA,NA,NA,NA,NA,Leuven
29,Lavan,/Hotel_Review-g188669-d1595020-Reviews-Lavan-Leuven_Flemish_Brabant_Province.html,"4,5",27,N. 7 di 26 Bed & Breakfast a Leuven,"50,868591","4,6777",NA,Vedi tutte le foto (13)13,Celestijnenlaan 62,NA,NA,NA,5,0,3,1,3,1,12,3,6,Eccellente4Molto buono1Nella media0Scarso0Pessimo0,Italiano (3),Inglese (3),Tutte le lingue,NA,NA,NA,NA,3,0,0,0,0,5,NA,NA,NA,NA,NA,"0,111111111111111",0,0,0,"0,111111111111111","0,037037037037037","0,111111111111111","0,037037037037037","0,444444444444444","0,111111111111111","0,222222222222222",0,Leuven
23,Hotel Ladeuze,/Hotel_Review-g188669-d11984895-Reviews-Hotel_Ladeuze-Leuven_Flemish_Brabant_Province.html,3,17,N. 11 di 19 altri alloggi a Leuven,"50,878551","4,70877",NA,Vedi tutte le foto (3)3,Bogaardenstraat 27,NA,NA,NA,2.7,1,6,1,4,1,3,1,3,Eccellente0Molto buono0Nella media1Scarso0Pessimo0,Italiano (2),Olandese (4),Inglese (2),NA,NA,NA,NA,0,2,2,0,2,1,NA,NA,NA,NA,NA,0,"0,117647058823529","0,117647058823529","0,0588235294117647","0,352941176470588","0,0588235294117647","0,235294117647059","0,0588235294117647","0,176470588235294","0,0588235294117647","0,176470588235294",0,Leuven
46,B&B Leuvensend,/Hotel_Review-g188669-d3320211-Reviews-B_B_Leuvensend-Leuven_Flemish_Brabant_Province.html,4,1,N. 23 di 26 Bed & Breakfast a Leuven,"50,906311","4,69996",NA,0,Bornestraat 72,NA,NA,NA,NaN,0,0,0,0,0,0,0,0,Eccellente0Molto buono0Nella media0Scarso0Pessimo0,NA,NA,NA,NA,NA,NA,NA,0,0,0,0,0,0,NA,NA,NA,NA,NA,0,0,0,0,0,0,0,0,0,0,0,0,Leuven
49,B&B De Waterlelies,/Hotel_Review-g188669-d3168376-Reviews-B_B_De_Waterlelies-Leuven_Flemish_Brabant_Province.html,NA,NA,NA,"50,87262","4,69186",NA,0,Redingenstraat 114,NA,NA,NA,NaN,0,0,0,0,0,0,0,0,Eccellente0Molto buono0Nella media0Scarso0Pessimo0,NA,NA,NA,NA,NA,NA,NA,0,0,0,0,0,0,NA,NA,NA,NA,NA,NA,NA,NA,NA,NA,NA,NA,NA,NA,NA,NA,NA,Leuven
20,Condo Gardens Leuven,/Hotel_Review-g188669-d624853-Reviews-Condo_Gardens_Leuven-Leuven_Flemish_Brabant_Province.html,"3,5",139,N. 4 di 19 altri alloggi a Leuven,"50,873096","4,712372",NA,0,Dekenstraat 87,NA,NA,NA,3.2,4,29,12,14,15,42,21,26,Eccellente2Molto buono6Nella media4Scarso1Pessimo2,Italiano (16),Inglese (14),Olandese (10),NA,NA,NA,NA,4,5,1,2,4,15,NA,NA,NA,NA,NA,"0,0287769784172662","0,0359712230215827","0,00719424460431655","0,0287769784172662","0,20863309352518","0,0863309352517986","0,100719424460432","0,107913669064748","0,302158273381295","0,151079136690647","0,18705035971223","0,0143884892086331",Leuven
57,B&B Sint Jacob,/Hotel_Review-g188669-d3139944-Reviews-B_B_Sint_Jacob-Leuven_Flemish_Brabant_Province.html,4,17,N. 15 di 26 Bed & Breakfast a Leuven,"50,880878","4,69071",NA,Vedi tutte le foto (11)11,Brusselsestraat 125,NA,NA,NA,4.6,1,5,2,1,1,2,0,2,Eccellente0Molto buono0Nella media0Scarso0Pessimo0,Italiano (2),Olandese (3),Inglese (2),NA,NA,NA,NA,3,2,0,0,0,0,NA,NA,NA,NA,NA,"0,176470588235294","0,117647058823529",0,"0,0588235294117647","0,294117647058824","0,117647058823529","0,0588235294117647","0,0588235294117647","0,117647058823529",0,"0,117647058823529",0,Leuven
61,Huize Rafael,/Hotel_Review-g188669-d1866879-Reviews-Huize_Rafael-Leuven_Flemish_Brabant_Province.html,3,14,N. 24 di 26 Bed & Breakfast a Leuven,"50,880791","4,69308",NA,Vedi tutte le foto (6)6,Brusselsestraat 146,NA,NA,NA,3.5,0,2,1,2,1,3,1,2,Eccellente0Molto buono0Nella media2Scarso0Pessimo0,Italiano (2),Inglese (2),Tutte le lingue,NA,NA,NA,NA,0,1,1,0,0,2,NA,NA,NA,NA,NA,0,"0,0714285714285714","0,0714285714285714",0,"0,142857142857143","0,0714285714285714","0,142857142857143","0,0714285714285714","0,214285714285714","0,0714285714285714","0,142857142857143",0,Leuven
22,The Lodge Heverlee,/Hotel_Review-g641779-d1380705-Reviews-The_Lodge_Heverlee-Heverlee_Leuven_Flemish_Brabant_Province.html,4,100,N. 2 di 2 Bed & Breakfast a Heverlee,"50,861019","4,685631",NA,1,Kantineplein 3,NA,NA,NA,3.8,2,29,9,23,12,30,18,15,Eccellente6Molto buono6Nella media1Scarso1Pessimo1,Italiano (7),Olandese (13),Inglese (8),NA,NA,NA,NA,8,13,3,3,2,15,NA,NA,NA,NA,NA,"0,08","0,13","0,03","0,02","0,29","0,09","0,23","0,12","0,3","0,18","0,15","0,03",Leuven
52,Room 88,/Hotel_Review-g188669-d2522625-Reviews-Room_88-Leuven_Flemish_Brabant_Province.html,NA,NA,NA,"50,882881","4,69837",NA,Vedi tutte le foto (6)6,Mechelsestraat 88,NA,NA,NA,3.8,2,29,9,23,12,30,18,15,Eccellente6Molto buono6Nella media1Scarso1Pessimo1,Italiano (7),Olandese (13),Inglese (8),NA,NA,NA,NA,8,13,3,3,2,15,NA,NA,NA,NA,NA,NA,NA,NA,NA,NA,NA,NA,NA,NA,NA,NA,NA,Leuven
6,Ibis Budget Hotel Leuven,/Hotel_Review-g188669-d2139000-Reviews-Ibis_Budget_Hotel_Leuven-Leuven_Flemish_Brabant_Province.html,"3,5",577,N. 7 di 18 hotel a Leuven,"50,882454","4,716892",NA,Vedi tutte le foto (115)115,Martelarenlaan 10,NA,NA,NA,3.5,24,143,58,70,63,126,58,72,Eccellente6Molto buono30Nella media23Scarso7Pessimo4,Italiano (53),Inglese (66),Olandese (35),NA,NA,NA,NA,9,21,15,4,4,70,NA,NA,NA,NA,NA,"0,0155979202772964","0,0363951473136915","0,0259965337954939","0,0415944540727903","0,247833622183709","0,10051993067591","0,121317157712305","0,109185441941075","0,218370883882149","0,10051993067591","0,124783362218371","0,00693240901213172",Leuven
27,HI Jeugdherberg De Blauwput Leuven,/Hotel_Review-g188669-d1202530-Reviews-HI_Jeugdherberg_De_Blauwput_Leuven-Leuven_Flemish_Brabant_Province.html,"3,5",34,N. 3 di 19 altri alloggi a Leuven,"50,882969","4,71787",NA,Vedi tutte le foto (8)8,Martelarenlaan 11a,NA,NA,NA,3,0,6,5,5,6,13,5,12,Eccellente1Molto buono1Nella media3Scarso1Pessimo0,Italiano (3),Inglese (3),Francese (2),NA,NA,NA,NA,1,0,3,2,0,6,NA,NA,NA,NA,NA,"0,0294117647058824",0,"0,0882352941176471",0,"0,176470588235294","0,147058823529412","0,147058823529412","0,176470588235294","0,382352941176471","0,147058823529412","0,352941176470588","0,0588235294117647",Leuven
28,Ambassador Suites Leuven,/Hotel_Review-g188669-d1378898-Reviews-Ambassador_Suites_Leuven-Leuven_Flemish_Brabant_Province.html,3,48,N. 8 di 19 altri alloggi a Leuven,"50,881081","4,70685",NA,Vedi tutte le foto (33)33,Sint-Maartenstraat 12d,NA,NA,NA,3.6,1,9,5,5,8,14,9,9,Eccellente1Molto buono2Nella media1Scarso1Pessimo1,Italiano (4),Inglese (6),Olandese (2),NA,NA,NA,NA,2,4,1,1,1,6,NA,NA,NA,NA,NA,"0,0416666666666667","0,0833333333333333","0,0208333333333333","0,0208333333333333","0,1875","0,104166666666667","0,104166666666667","0,166666666666667","0,291666666666667","0,1875","0,1875","0,0208333333333333",Leuven
59,Wannes Suite,/Hotel_Review-g3833828-d13149248-Reviews-Wannes_Suite-Kessel_Lo_Leuven_Flemish_Brabant_Province.html,"4,5",4,NA,"50,885029","4,72531",NA,Vedi tutte le foto (16)16,Lindensestraat 55,NA,NA,NA,3,0,1,1,1,1,2,1,2,Eccellente0Molto buono0Nella media1Scarso0Pessimo0,NA,NA,NA,NA,NA,NA,NA,0,0,1,0,0,1,NA,NA,NA,NA,NA,0,0,"0,25",0,"0,25","0,25","0,25","0,25","0,5","0,25","0,5",0,Leuven
19,Hotel Industrie,/Hotel_Review-g188669-d736300-Reviews-Hotel_Industrie-Leuven_Flemish_Brabant_Province.html,3,34,N. 17 di 18 hotel a Leuven,"50,881161","4,71386",NA,Vedi tutte le foto (41)41,Martelarenplein 7,NA,NA,NA,2.5,0,8,2,5,2,6,1,4,Eccellente0Molto buono2Nella media0Scarso1Pessimo0,Italiano (3),Olandese (3),Inglese (2),NA,NA,NA,NA,0,2,2,2,2,3,NA,NA,NA,NA,NA,0,"0,0588235294117647","0,0588235294117647",0,"0,235294117647059","0,0588235294117647","0,147058823529412","0,0588235294117647","0,176470588235294","0,0294117647058824","0,117647058823529","0,0588235294117647",Leuven
56,Oude Brouwerij Keyser Carel,/Hotel_Review-g188669-d561852-Reviews-Oude_Brouwerij_Keyser_Carel-Leuven_Flemish_Brabant_Province.html,5,17,N. 9 di 26 Bed & Breakfast a Leuven,NA,NA,NA,Vedi tutte le foto (13)13,Lei 15,NA,NA,NA,5,0,6,1,6,1,4,1,2,Eccellente3Molto buono0Nella media0Scarso0Pessimo0,Italiano (5),Inglese (6),Tutte le lingue,NA,NA,NA,NA,6,0,0,0,0,3,NA,NA,NA,NA,NA,"0,352941176470588",0,0,0,"0,352941176470588","0,0588235294117647","0,352941176470588","0,0588235294117647","0,235294117647059","0,0588235294117647","0,117647058823529",0,Leuven
47,Sint-Maartenshousing,/Hotel_Review-g188669-d13075192-Reviews-Sint_Maartenshousing-Leuven_Flemish_Brabant_Province.html,3,3,N. 12 di 19 altri alloggi a Leuven,"50,88274","4,70741",NA,0,Jean-Baptiste Van Monsstraat 9,NA,NA,NA,NaN,0,0,0,0,0,0,0,0,Eccellente0Molto buono0Nella media0Scarso0Pessimo0,NA,NA,NA,NA,NA,NA,NA,0,0,0,0,0,0,NA,NA,NA,NA,NA,0,0,0,0,0,0,0,0,0,0,0,0,Leuven
41,Atel Theaterhotel,/Hotel_Review-g188669-d280655-Reviews-Atel_Theaterhotel-Leuven_Flemish_Brabant_Province.html,"4,5",4,N. 16 di 18 hotel a Leuven,"50,879349","4,70473",NA,Vedi tutte le foto (6)6,Bondgenotenlaan 20,NA,NA,NA,NaN,0,0,0,0,0,1,0,0,Eccellente0Molto buono1Nella media0Scarso0Pessimo0,NA,NA,NA,NA,NA,NA,NA,0,0,0,0,0,1,NA,NA,NA,NA,NA,0,0,0,0,0,0,0,0,"0,25",0,0,0,Leuven
17,Getaway Studios Leuven,/Hotel_Review-g188669-d7646152-Reviews-Getaway_Studios_Leuven-Leuven_Flemish_Brabant_Province.html,4,165,N. 2 di 19 altri alloggi a Leuven,NA,NA,NA,1,Vital Decosterstraat 23,NA,NA,NA,4.5,13,41,11,16,18,36,16,24,Eccellente7Molto buono7Nella media1Scarso1Pessimo0,Italiano (26),Inglese (26),Olandese (9),NA,NA,NA,NA,27,9,2,3,0,16,NA,NA,NA,NA,NA,"0,163636363636364","0,0545454545454545","0,0121212121212121","0,0787878787878788","0,248484848484848","0,0666666666666667","0,096969696969697","0,109090909090909","0,218181818181818","0,096969696969697","0,145454545454545","0,0181818181818182",Leuven
60,Your House Apartments,/Hotel_Review-g188669-d7620835-Reviews-Your_House_Apartments-Leuven_Flemish_Brabant_Province.html,5,3,N. 7 di 19 altri alloggi a Leuven,"50,881828","4,70415",NA,Vedi tutte le foto (6)6,Rijschoolstraat 31,NA,NA,NA,5,1,2,0,0,1,0,0,0,Eccellente0Molto buono0Nella media0Scarso0Pessimo0,NA,NA,NA,NA,NA,NA,NA,2,0,0,0,0,0,NA,NA,NA,NA,NA,"0,666666666666667",0,0,"0,333333333333333","0,666666666666667",0,0,"0,333333333333333",0,0,0,0,Leuven
1,pentahotel Leuven,/Hotel_Review-g188669-d227977-Reviews-Pentahotel_Leuven-Leuven_Flemish_Brabant_Province.html,"4,5",1689,N. 3 di 18 hotel a Leuven,NA,NA,NA,1,Alfons Smetsplein 7,NA,NA,NA,4.2,28,357,139,287,158,514,256,278,Eccellente92Molto buono89Nella media39Scarso13Pessimo5,NA,NA,NA,NA,NA,NA,NA,150,158,32,12,5,238,NA,NA,NA,NA,NA,"0,088809946714032","0,093546477205447","0,0189461219656602","0,0165778567199526","0,211367673179396","0,0822972172883363","0,169923031379515","0,093546477205447","0,304322084073416","0,151568975725281","0,164594434576673","0,00710479573712256",Leuven
54,Hotel Mille Colonnes,/Hotel_Review-g188669-d941172-Reviews-Hotel_Mille_Colonnes-Leuven_Flemish_Brabant_Province.html,"3,5",107,N. 11 di 18 hotel a Leuven,"50,880852","4,714444",NA,Vedi tutte le foto (46)46,Martelarenplein 5,NA,NA,NA,3.5,1,19,5,14,4,25,11,12,Eccellente1Molto buono3Nella media2Scarso1Pessimo1,Italiano (8),Inglese (7),Olandese (7),NA,NA,NA,NA,1,13,1,2,2,8,NA,NA,NA,NA,NA,"0,00934579439252336","0,121495327102804","0,00934579439252336","0,00934579439252336","0,177570093457944","0,0467289719626168","0,130841121495327","0,0373831775700935","0,233644859813084","0,102803738317757","0,11214953271028","0,0186915887850467",Leuven
62,City Apartments Leuven,/Hotel_Review-g188669-d1463582-Reviews-City_Apartments_Leuven-Leuven_Flemish_Brabant_Province.html,2,8,N. 15 di 19 altri alloggi a Leuven,"50,881969","4,69692",NA,Vedi tutte le foto (6)6,Lei 33,NA,NA,NA,NaN,0,0,0,0,0,2,1,0,Eccellente0Molto buono0Nella media1Scarso0Pessimo0,NA,NA,NA,NA,NA,NA,NA,0,0,0,0,0,1,NA,NA,NA,NA,NA,0,0,0,0,0,0,0,0,"0,25","0,125",0,0,Leuven
38,YENN b&b,/Hotel_Review-g188669-d1932207-Reviews-YENN_b_b-Leuven_Flemish_Brabant_Province.html,5,57,N. 3 di 26 Bed & Breakfast a Leuven,"50,876675","4,715442",NA,Vedi tutte le foto (37)37,Tiensevest 122,NA,NA,NA,4.8,3,17,5,12,6,19,5,9,Eccellente14Molto buono1Nella media0Scarso0Pessimo0,Italiano (8),Inglese (8),Olandese (7),NA,NA,NA,NA,14,3,0,0,0,15,NA,NA,NA,NA,NA,"0,245614035087719","0,0526315789473684",0,"0,0526315789473684","0,298245614035088","0,087719298245614","0,210526315789474","0,105263157894737","0,333333333333333","0,087719298245614","0,157894736842105",0,Leuven
11,The Fourth - Tafelrond,/Hotel_Review-g188669-d12694745-Reviews-The_Fourth_Tafelrond-Leuven_Flemish_Brabant_Province.html,4,58,N. 9 di 18 hotel a Leuven,"50,878948","4,702",NA,Vedi tutte le foto (52)52,Grote Markt 5,NA,NA,NA,4.3,1,11,1,6,2,19,2,14,Eccellente4Molto buono1Nella media0Scarso0Pessimo0,Italiano (3),Olandese (6),Inglese (3),NA,NA,NA,NA,5,5,0,1,0,5,NA,NA,NA,NA,NA,"0,0862068965517241","0,0862068965517241",0,"0,0172413793103448","0,189655172413793","0,0172413793103448","0,103448275862069","0,0344827586206897","0,327586206896552","0,0344827586206897","0,241379310344828","0,0172413793103448",Leuven
33,Daya Bed & Breakfast,/Hotel_Review-g3833828-d15185770-Reviews-Daya_Bed_Breakfast-Kessel_Lo_Leuven_Flemish_Brabant_Province.html,5,2,NA,"50,88377","4,717519",NA,0,Oude Diestsesteenweg 1,NA,NA,NA,NaN,0,0,0,0,0,1,0,1,Eccellente0Molto buono0Nella media0Scarso0Pessimo0,NA,NA,NA,NA,NA,NA,NA,0,0,0,0,0,0,NA,NA,NA,NA,NA,0,0,0,0,0,0,0,0,"0,5",0,"0,5",0,Leuven
